Start (ns),End (ns),Duration (ns),DurChild (ns),DurNonChild (ns),Name,PID,TID,Lvl,NumChild,RangeId,ParentId,RangeStack,NameTree
23642174735,23686362379,44187644,0,44187644,NCCL:ncclAllGather,1114945,1114945,1,0,29,27.0,:27:29,--NCCL:ncclAllGather
24056792245,24056930372,138127,0,138127,NCCL:ncclAllGather,1114945,1114945,1,0,50,27.0,:27:50,--NCCL:ncclAllGather
24505619750,24505674766,55016,0,55016,NCCL:ncclAllGather,1114945,1114945,1,0,99,27.0,:27:99,--NCCL:ncclAllGather
24522703807,24522760276,56469,0,56469,NCCL:ncclAllGather,1114945,1114945,1,0,160,27.0,:27:160,--NCCL:ncclAllGather
24536099343,24536152987,53644,0,53644,NCCL:ncclAllGather,1114945,1114945,1,0,227,27.0,:27:227,--NCCL:ncclAllGather
24550092705,24550155447,62742,0,62742,NCCL:ncclAllGather,1114945,1114945,1,0,296,27.0,:27:296,--NCCL:ncclAllGather
24563983800,24564041762,57962,0,57962,NCCL:ncclAllGather,1114945,1114945,1,0,364,27.0,:27:364,--NCCL:ncclAllGather
24577623227,24577668765,45538,0,45538,NCCL:ncclAllGather,1114945,1114945,1,0,433,27.0,:27:433,--NCCL:ncclAllGather
24591083579,24591137844,54265,0,54265,NCCL:ncclAllGather,1114945,1114945,1,0,498,27.0,:27:498,--NCCL:ncclAllGather
24612723092,24612803969,80877,0,80877,NCCL:ncclAllGather,1114945,1114945,1,0,582,27.0,:27:582,--NCCL:ncclAllGather
24631524399,24631603081,78682,0,78682,NCCL:ncclAllGather,1114945,1114945,1,0,638,27.0,:27:638,--NCCL:ncclAllGather
24650417273,24650475075,57802,0,57802,NCCL:ncclAllGather,1114945,1114945,1,0,690,27.0,:27:690,--NCCL:ncclAllGather
24667028706,24667064255,35549,0,35549,NCCL:ncclAllGather,1114945,1114945,1,0,737,27.0,:27:737,--NCCL:ncclAllGather
24680642725,24680695677,52952,0,52952,NCCL:ncclAllGather,1114945,1114945,1,0,783,27.0,:27:783,--NCCL:ncclAllGather
24695532981,24695584019,51038,0,51038,NCCL:ncclAllGather,1114945,1114945,1,0,831,27.0,:27:831,--NCCL:ncclAllGather
24709953298,24709993887,40589,0,40589,NCCL:ncclAllGather,1114945,1114945,1,0,853,27.0,:27:853,--NCCL:ncclAllGather
24724222373,24724264264,41891,0,41891,NCCL:ncclAllGather,1114945,1114945,1,0,866,27.0,:27:866,--NCCL:ncclAllGather
25980865771,25980940265,74494,0,74494,NCCL:ncclSend,1114945,1114945,1,0,900,27.0,:27:900,--NCCL:ncclSend
26027006280,26027012001,5721,0,5721,NCCL:ncclSend,1114945,1114945,1,0,933,27.0,:27:933,--NCCL:ncclSend
28272433758,28272448166,14408,0,14408,NCCL:ncclSend,1114945,1114945,1,0,1717,27.0,:27:1717,--NCCL:ncclSend
28581736794,28581744318,7524,0,7524,NCCL:ncclSend,1114945,1114945,1,0,2448,27.0,:27:2448,--NCCL:ncclSend
28581845684,28581848139,2455,0,2455,NCCL:ncclRecv,1114945,1114945,1,0,2454,27.0,:27:2454,--NCCL:ncclRecv
32798915698,32798921760,6062,0,6062,NCCL:ncclSend,1114945,1114945,1,0,4503,27.0,:27:4503,--NCCL:ncclSend
32798966126,32798967508,1382,0,1382,NCCL:ncclRecv,1114945,1114945,1,0,4506,27.0,:27:4506,--NCCL:ncclRecv
34412791248,34412797500,6252,0,6252,NCCL:ncclSend,1114945,1114945,1,0,6513,27.0,:27:6513,--NCCL:ncclSend
34412848308,34412849270,962,0,962,NCCL:ncclRecv,1114945,1114945,1,0,6516,27.0,:27:6516,--NCCL:ncclRecv
35972622259,35972631406,9147,0,9147,NCCL:ncclRecv,1114945,1114945,1,0,7703,27.0,:27:7703,--NCCL:ncclRecv
40723421270,40723550710,129440,0,129440,NCCL:ncclReduceScatter,1114945,1114945,1,0,8898,27.0,:27:8898,--NCCL:ncclReduceScatter
40731331301,40731380106,48805,0,48805,NCCL:ncclReduceScatter,1114945,1114945,1,0,8909,27.0,:27:8909,--NCCL:ncclReduceScatter
40739546693,40739584867,38174,0,38174,NCCL:ncclReduceScatter,1114945,1114945,1,0,8925,27.0,:27:8925,--NCCL:ncclReduceScatter
40742755547,40742795294,39747,0,39747,NCCL:ncclReduceScatter,1114945,1114945,1,0,8935,27.0,:27:8935,--NCCL:ncclReduceScatter
40746935307,40746991786,56479,0,56479,NCCL:ncclReduceScatter,1114945,1114945,1,0,8948,27.0,:27:8948,--NCCL:ncclReduceScatter
40750897457,40750942133,44676,0,44676,NCCL:ncclReduceScatter,1114945,1114945,1,0,8960,27.0,:27:8960,--NCCL:ncclReduceScatter
40765328525,40765401125,72600,0,72600,NCCL:ncclReduceScatter,1114945,1114945,1,0,8975,27.0,:27:8975,--NCCL:ncclReduceScatter
40776409086,40776472478,63392,0,63392,NCCL:ncclReduceScatter,1114945,1114945,1,0,8990,27.0,:27:8990,--NCCL:ncclReduceScatter
40781174549,40781220387,45838,0,45838,NCCL:ncclReduceScatter,1114945,1114945,1,0,9004,27.0,:27:9004,--NCCL:ncclReduceScatter
40786208400,40786266182,57782,0,57782,NCCL:ncclReduceScatter,1114945,1114945,1,0,9015,27.0,:27:9015,--NCCL:ncclReduceScatter
40799473995,40799520204,46209,0,46209,NCCL:ncclReduceScatter,1114945,1114945,1,0,9032,27.0,:27:9032,--NCCL:ncclReduceScatter
40804658989,40804698185,39196,0,39196,NCCL:ncclReduceScatter,1114945,1114945,1,0,9041,27.0,:27:9041,--NCCL:ncclReduceScatter
40809892837,40809949206,56369,0,56369,NCCL:ncclReduceScatter,1114945,1114945,1,0,9053,27.0,:27:9053,--NCCL:ncclReduceScatter
40816393023,40816436697,43674,0,43674,NCCL:ncclReduceScatter,1114945,1114945,1,0,9063,27.0,:27:9063,--NCCL:ncclReduceScatter
40822716057,40822773227,57170,0,57170,NCCL:ncclReduceScatter,1114945,1114945,1,0,9071,27.0,:27:9071,--NCCL:ncclReduceScatter
40827134478,40827182030,47552,0,47552,NCCL:ncclReduceScatter,1114945,1114945,1,0,9076,27.0,:27:9076,--NCCL:ncclReduceScatter
40831682160,40831725123,42963,0,42963,NCCL:ncclReduceScatter,1114945,1114945,1,0,9079,27.0,:27:9079,--NCCL:ncclReduceScatter
44043647903,44043717618,69715,0,69715,NCCL:ncclAllGather,1114945,1114945,1,0,9160,9155.0,:9155:9160,--NCCL:ncclAllGather
44047057154,44047109816,52662,0,52662,NCCL:ncclAllGather,1114945,1114945,1,0,9170,9155.0,:9155:9170,--NCCL:ncclAllGather
44066080370,44066133612,53242,0,53242,NCCL:ncclAllGather,1114945,1114945,1,0,9247,9155.0,:9155:9247,--NCCL:ncclAllGather
44083766080,44083830013,63933,0,63933,NCCL:ncclAllGather,1114945,1114945,1,0,9313,9155.0,:9155:9313,--NCCL:ncclAllGather
44101340475,44101388457,47982,0,47982,NCCL:ncclAllGather,1114945,1114945,1,0,9380,9155.0,:9155:9380,--NCCL:ncclAllGather
44114049774,44114091756,41982,0,41982,NCCL:ncclAllGather,1114945,1114945,1,0,9432,9155.0,:9155:9432,--NCCL:ncclAllGather
44126377506,44126424658,47152,0,47152,NCCL:ncclAllGather,1114945,1114945,1,0,9481,9155.0,:9155:9481,--NCCL:ncclAllGather
44138562112,44138600506,38394,0,38394,NCCL:ncclAllGather,1114945,1114945,1,0,9533,9155.0,:9155:9533,--NCCL:ncclAllGather
44150873211,44150907207,33996,0,33996,NCCL:ncclAllGather,1114945,1114945,1,0,9579,9155.0,:9155:9579,--NCCL:ncclAllGather
44163201484,44163237915,36431,0,36431,NCCL:ncclAllGather,1114945,1114945,1,0,9631,9155.0,:9155:9631,--NCCL:ncclAllGather
44175426939,44175465003,38064,0,38064,NCCL:ncclAllGather,1114945,1114945,1,0,9677,9155.0,:9155:9677,--NCCL:ncclAllGather
44187417499,44187452938,35439,0,35439,NCCL:ncclAllGather,1114945,1114945,1,0,9729,9155.0,:9155:9729,--NCCL:ncclAllGather
44199589891,44199632112,42221,0,42221,NCCL:ncclAllGather,1114945,1114945,1,0,9781,9155.0,:9155:9781,--NCCL:ncclAllGather
44211802440,44211851936,49496,0,49496,NCCL:ncclAllGather,1114945,1114945,1,0,9827,9155.0,:9155:9827,--NCCL:ncclAllGather
44224434120,44224481682,47562,0,47562,NCCL:ncclAllGather,1114945,1114945,1,0,9878,9155.0,:9155:9878,--NCCL:ncclAllGather
44236870442,44236913164,42722,0,42722,NCCL:ncclAllGather,1114945,1114945,1,0,9926,9155.0,:9155:9926,--NCCL:ncclAllGather
44251505384,44251547305,41921,0,41921,NCCL:ncclAllGather,1114945,1114945,1,0,10002,9155.0,:9155:10002,--NCCL:ncclAllGather
44265815268,44265820618,5350,0,5350,NCCL:ncclSend,1114945,1114945,1,0,10059,9155.0,:9155:10059,--NCCL:ncclSend
45003014855,45003019394,4539,0,4539,NCCL:ncclSend,1114945,1114945,1,0,10775,9155.0,:9155:10775,--NCCL:ncclSend
45003068428,45003069611,1183,0,1183,NCCL:ncclRecv,1114945,1114945,1,0,10781,9155.0,:9155:10781,--NCCL:ncclRecv
49341990427,49341996569,6142,0,6142,NCCL:ncclSend,1114945,1114945,1,0,12755,9155.0,:9155:12755,--NCCL:ncclSend
49342040604,49342041466,862,0,862,NCCL:ncclRecv,1114945,1114945,1,0,12761,9155.0,:9155:12761,--NCCL:ncclRecv
51323400526,51323407429,6903,0,6903,NCCL:ncclSend,1114945,1114945,1,0,14743,9155.0,:9155:14743,--NCCL:ncclSend
51323457977,51323459380,1403,0,1403,NCCL:ncclRecv,1114945,1114945,1,0,14750,9155.0,:9155:14750,--NCCL:ncclRecv
52880789055,52880795647,6592,0,6592,NCCL:ncclRecv,1114945,1114945,1,0,15965,9155.0,:9155:15965,--NCCL:ncclRecv
57608401271,57608507446,106175,0,106175,NCCL:ncclReduceScatter,1114945,1114945,1,0,17145,9155.0,:9155:17145,--NCCL:ncclReduceScatter
57610433630,57610469179,35549,0,35549,NCCL:ncclReduceScatter,1114945,1114945,1,0,17156,9155.0,:9155:17156,--NCCL:ncclReduceScatter
57612183773,57612215485,31712,0,31712,NCCL:ncclReduceScatter,1114945,1114945,1,0,17168,9155.0,:9155:17168,--NCCL:ncclReduceScatter
57613896675,57613927254,30579,0,30579,NCCL:ncclReduceScatter,1114945,1114945,1,0,17180,9155.0,:9155:17180,--NCCL:ncclReduceScatter
57615452513,57615482420,29907,0,29907,NCCL:ncclReduceScatter,1114945,1114945,1,0,17190,9155.0,:9155:17190,--NCCL:ncclReduceScatter
57616996728,57617026034,29306,0,29306,NCCL:ncclReduceScatter,1114945,1114945,1,0,17202,9155.0,:9155:17202,--NCCL:ncclReduceScatter
57618504473,57618533899,29426,0,29426,NCCL:ncclReduceScatter,1114945,1114945,1,0,17213,9155.0,:9155:17213,--NCCL:ncclReduceScatter
57626340130,57626385338,45208,0,45208,NCCL:ncclReduceScatter,1114945,1114945,1,0,17228,9155.0,:9155:17228,--NCCL:ncclReduceScatter
57627944231,57627974139,29908,0,29908,NCCL:ncclReduceScatter,1114945,1114945,1,0,17241,9155.0,:9155:17241,--NCCL:ncclReduceScatter
57629560987,57629588761,27774,0,27774,NCCL:ncclReduceScatter,1114945,1114945,1,0,17253,9155.0,:9155:17253,--NCCL:ncclReduceScatter
57631158395,57631186219,27824,0,27824,NCCL:ncclReduceScatter,1114945,1114945,1,0,17264,9155.0,:9155:17264,--NCCL:ncclReduceScatter
57632745473,57632775090,29617,0,29617,NCCL:ncclReduceScatter,1114945,1114945,1,0,17275,9155.0,:9155:17275,--NCCL:ncclReduceScatter
57634368741,57634398078,29337,0,29337,NCCL:ncclReduceScatter,1114945,1114945,1,0,17287,9155.0,:9155:17287,--NCCL:ncclReduceScatter
57635900352,57635928757,28405,0,28405,NCCL:ncclReduceScatter,1114945,1114945,1,0,17299,9155.0,:9155:17299,--NCCL:ncclReduceScatter
57637794865,57637821556,26691,0,26691,NCCL:ncclReduceScatter,1114945,1114945,1,0,17309,9155.0,:9155:17309,--NCCL:ncclReduceScatter
57639195793,57639223116,27323,0,27323,NCCL:ncclReduceScatter,1114945,1114945,1,0,17320,9155.0,:9155:17320,--NCCL:ncclReduceScatter
57640905538,57640935707,30169,0,30169,NCCL:ncclReduceScatter,1114945,1114945,1,0,17332,9155.0,:9155:17332,--NCCL:ncclReduceScatter
60443280028,60443322180,42152,0,42152,NCCL:ncclAllGather,1114945,1114945,1,0,17357,17353.0,:17353:17357,--NCCL:ncclAllGather
60445762998,60445800251,37253,0,37253,NCCL:ncclAllGather,1114945,1114945,1,0,17369,17353.0,:17353:17369,--NCCL:ncclAllGather
60459670785,60459707276,36491,0,36491,NCCL:ncclAllGather,1114945,1114945,1,0,17408,17353.0,:17353:17408,--NCCL:ncclAllGather
60471975262,60472015770,40508,0,40508,NCCL:ncclAllGather,1114945,1114945,1,0,17447,17353.0,:17353:17447,--NCCL:ncclAllGather
60483916517,60483984508,67991,0,67991,NCCL:ncclAllGather,1114945,1114945,1,0,17486,17353.0,:17353:17486,--NCCL:ncclAllGather
60495888551,60495925673,37122,0,37122,NCCL:ncclAllGather,1114945,1114945,1,0,17524,17353.0,:17353:17524,--NCCL:ncclAllGather
60508059110,60508093616,34506,0,34506,NCCL:ncclAllGather,1114945,1114945,1,0,17571,17353.0,:17353:17571,--NCCL:ncclAllGather
60520130706,60520180432,49726,0,49726,NCCL:ncclAllGather,1114945,1114945,1,0,17623,17353.0,:17353:17623,--NCCL:ncclAllGather
60532533974,60532568601,34627,0,34627,NCCL:ncclAllGather,1114945,1114945,1,0,17672,17353.0,:17353:17672,--NCCL:ncclAllGather
60545022648,60545068326,45678,0,45678,NCCL:ncclAllGather,1114945,1114945,1,0,17725,17353.0,:17353:17725,--NCCL:ncclAllGather
60557495701,60557539635,43934,0,43934,NCCL:ncclAllGather,1114945,1114945,1,0,17777,17353.0,:17353:17777,--NCCL:ncclAllGather
60569865343,60569898528,33185,0,33185,NCCL:ncclAllGather,1114945,1114945,1,0,17829,17353.0,:17353:17829,--NCCL:ncclAllGather
60582297367,60582346863,49496,0,49496,NCCL:ncclAllGather,1114945,1114945,1,0,17881,17353.0,:17353:17881,--NCCL:ncclAllGather
60594802312,60594844964,42652,0,42652,NCCL:ncclAllGather,1114945,1114945,1,0,17933,17353.0,:17353:17933,--NCCL:ncclAllGather
60607688744,60607725134,36390,0,36390,NCCL:ncclAllGather,1114945,1114945,1,0,17985,17353.0,:17353:17985,--NCCL:ncclAllGather
60620502696,60620548795,46099,0,46099,NCCL:ncclAllGather,1114945,1114945,1,0,18037,17353.0,:17353:18037,--NCCL:ncclAllGather
60633276540,60633322068,45528,0,45528,NCCL:ncclAllGather,1114945,1114945,1,0,18089,17353.0,:17353:18089,--NCCL:ncclAllGather
60645722902,60645735596,12694,0,12694,NCCL:ncclSend,1114945,1114945,1,0,18147,17353.0,:17353:18147,--NCCL:ncclSend
61439835092,61439839961,4869,0,4869,NCCL:ncclSend,1114945,1114945,1,0,19011,17353.0,:17353:19011,--NCCL:ncclSend
61439880330,61439881211,881,0,881,NCCL:ncclRecv,1114945,1114945,1,0,19014,17353.0,:17353:19014,--NCCL:ncclRecv
65664639488,65664646482,6994,0,6994,NCCL:ncclSend,1114945,1114945,1,0,20998,17353.0,:17353:20998,--NCCL:ncclSend
65664694444,65664695537,1093,0,1093,NCCL:ncclRecv,1114945,1114945,1,0,21006,17353.0,:17353:21006,--NCCL:ncclRecv
67647098164,67647106060,7896,0,7896,NCCL:ncclSend,1114945,1114945,1,0,22985,17353.0,:17353:22985,--NCCL:ncclSend
67647158982,67647160525,1543,0,1543,NCCL:ncclRecv,1114945,1114945,1,0,22994,17353.0,:17353:22994,--NCCL:ncclRecv
69204405626,69204412960,7334,0,7334,NCCL:ncclRecv,1114945,1114945,1,0,24205,17353.0,:17353:24205,--NCCL:ncclRecv
73947267984,73947369931,101947,0,101947,NCCL:ncclReduceScatter,1114945,1114945,1,0,25385,17353.0,:17353:25385,--NCCL:ncclReduceScatter
73949659708,73949703382,43674,0,43674,NCCL:ncclReduceScatter,1114945,1114945,1,0,25398,17353.0,:17353:25398,--NCCL:ncclReduceScatter
73951898015,73951946739,48724,0,48724,NCCL:ncclReduceScatter,1114945,1114945,1,0,25409,17353.0,:17353:25409,--NCCL:ncclReduceScatter
73953961123,73953999227,38104,0,38104,NCCL:ncclReduceScatter,1114945,1114945,1,0,25420,17353.0,:17353:25420,--NCCL:ncclReduceScatter
73955974746,73956021958,47212,0,47212,NCCL:ncclReduceScatter,1114945,1114945,1,0,25431,17353.0,:17353:25431,--NCCL:ncclReduceScatter
73957987297,73958029198,41901,0,41901,NCCL:ncclReduceScatter,1114945,1114945,1,0,25443,17353.0,:17353:25443,--NCCL:ncclReduceScatter
73960044283,73960082026,37743,0,37743,NCCL:ncclReduceScatter,1114945,1114945,1,0,25452,17353.0,:17353:25452,--NCCL:ncclReduceScatter
73965894403,73965938428,44025,0,44025,NCCL:ncclReduceScatter,1114945,1114945,1,0,25469,17353.0,:17353:25469,--NCCL:ncclReduceScatter
73967952932,73967989583,36651,0,36651,NCCL:ncclReduceScatter,1114945,1114945,1,0,25483,17353.0,:17353:25483,--NCCL:ncclReduceScatter
73969978518,73970033034,54516,0,54516,NCCL:ncclReduceScatter,1114945,1114945,1,0,25495,17353.0,:17353:25495,--NCCL:ncclReduceScatter
73972055514,73972093818,38304,0,38304,NCCL:ncclReduceScatter,1114945,1114945,1,0,25506,17353.0,:17353:25506,--NCCL:ncclReduceScatter
73974131928,73974175362,43434,0,43434,NCCL:ncclReduceScatter,1114945,1114945,1,0,25518,17353.0,:17353:25518,--NCCL:ncclReduceScatter
73976176230,73976216357,40127,0,40127,NCCL:ncclReduceScatter,1114945,1114945,1,0,25530,17353.0,:17353:25530,--NCCL:ncclReduceScatter
73978105249,73978148733,43484,0,43484,NCCL:ncclReduceScatter,1114945,1114945,1,0,25540,17353.0,:17353:25540,--NCCL:ncclReduceScatter
73979978330,73980012276,33946,0,33946,NCCL:ncclReduceScatter,1114945,1114945,1,0,25552,17353.0,:17353:25552,--NCCL:ncclReduceScatter
73981812506,73981850509,38003,0,38003,NCCL:ncclReduceScatter,1114945,1114945,1,0,25562,17353.0,:17353:25562,--NCCL:ncclReduceScatter
73983720534,73983754881,34347,0,34347,NCCL:ncclReduceScatter,1114945,1114945,1,0,25571,17353.0,:17353:25571,--NCCL:ncclReduceScatter
76736949837,76737002178,52341,0,52341,NCCL:ncclAllGather,1114945,1114945,1,0,25595,25592.0,:25592:25595,--NCCL:ncclAllGather
76739461462,76739495839,34377,0,34377,NCCL:ncclAllGather,1114945,1114945,1,0,25608,25592.0,:25592:25608,--NCCL:ncclAllGather
76752070328,76752104143,33815,0,33815,NCCL:ncclAllGather,1114945,1114945,1,0,25643,25592.0,:25592:25643,--NCCL:ncclAllGather
76763819852,76763853256,33404,0,33404,NCCL:ncclAllGather,1114945,1114945,1,0,25682,25592.0,:25592:25682,--NCCL:ncclAllGather
76775598733,76775632999,34266,0,34266,NCCL:ncclAllGather,1114945,1114945,1,0,25718,25592.0,:25592:25718,--NCCL:ncclAllGather
76787415658,76787452549,36891,0,36891,NCCL:ncclAllGather,1114945,1114945,1,0,25751,25592.0,:25592:25751,--NCCL:ncclAllGather
76799577549,76799612577,35028,0,35028,NCCL:ncclAllGather,1114945,1114945,1,0,25799,25592.0,:25592:25799,--NCCL:ncclAllGather
76811817712,76811853902,36190,0,36190,NCCL:ncclAllGather,1114945,1114945,1,0,25851,25592.0,:25592:25851,--NCCL:ncclAllGather
76823996405,76824031243,34838,0,34838,NCCL:ncclAllGather,1114945,1114945,1,0,25903,25592.0,:25592:25903,--NCCL:ncclAllGather
76836017124,76836052332,35208,0,35208,NCCL:ncclAllGather,1114945,1114945,1,0,25952,25592.0,:25592:25952,--NCCL:ncclAllGather
76848242057,76848276384,34327,0,34327,NCCL:ncclAllGather,1114945,1114945,1,0,26004,25592.0,:25592:26004,--NCCL:ncclAllGather
76860544661,76860582293,37632,0,37632,NCCL:ncclAllGather,1114945,1114945,1,0,26049,25592.0,:25592:26049,--NCCL:ncclAllGather
76873121565,76873156722,35157,0,35157,NCCL:ncclAllGather,1114945,1114945,1,0,26101,25592.0,:25592:26101,--NCCL:ncclAllGather
76885344043,76885396023,51980,0,51980,NCCL:ncclAllGather,1114945,1114945,1,0,26153,25592.0,:25592:26153,--NCCL:ncclAllGather
76898073251,76898110754,37503,0,37503,NCCL:ncclAllGather,1114945,1114945,1,0,26201,25592.0,:25592:26201,--NCCL:ncclAllGather
76910888756,76910926750,37994,0,37994,NCCL:ncclAllGather,1114945,1114945,1,0,26247,25592.0,:25592:26247,--NCCL:ncclAllGather
76923399091,76923432325,33234,0,33234,NCCL:ncclAllGather,1114945,1114945,1,0,26293,25592.0,:25592:26293,--NCCL:ncclAllGather
76935556975,76935562055,5080,0,5080,NCCL:ncclSend,1114945,1114945,1,0,26340,25592.0,:25592:26340,--NCCL:ncclSend
77685577768,77685585222,7454,0,7454,NCCL:ncclSend,1114945,1114945,1,0,27247,25592.0,:25592:27247,--NCCL:ncclSend
77685633215,77685634687,1472,0,1472,NCCL:ncclRecv,1114945,1114945,1,0,27257,25592.0,:25592:27257,--NCCL:ncclRecv
81999785108,81999793124,8016,0,8016,NCCL:ncclSend,1114945,1114945,1,0,29243,25592.0,:25592:29243,--NCCL:ncclSend
81999843321,81999844503,1182,0,1182,NCCL:ncclRecv,1114945,1114945,1,0,29254,25592.0,:25592:29254,--NCCL:ncclRecv
84014495774,84014502737,6963,0,6963,NCCL:ncclSend,1114945,1114945,1,0,31230,25592.0,:25592:31230,--NCCL:ncclSend
84014548936,84014551882,2946,0,2946,NCCL:ncclRecv,1114945,1114945,1,0,31241,25592.0,:25592:31241,--NCCL:ncclRecv
85557938051,85557947189,9138,0,9138,NCCL:ncclRecv,1114945,1114945,1,0,32436,25592.0,:25592:32436,--NCCL:ncclRecv
90248046355,90248155837,109482,0,109482,NCCL:ncclReduceScatter,1114945,1114945,1,0,33624,25592.0,:25592:33624,--NCCL:ncclReduceScatter
90250024509,90250061440,36931,0,36931,NCCL:ncclReduceScatter,1114945,1114945,1,0,33633,25592.0,:25592:33633,--NCCL:ncclReduceScatter
90251753903,90251786385,32482,0,32482,NCCL:ncclReduceScatter,1114945,1114945,1,0,33643,25592.0,:25592:33643,--NCCL:ncclReduceScatter
90253413441,90253444671,31230,0,31230,NCCL:ncclReduceScatter,1114945,1114945,1,0,33653,25592.0,:25592:33653,--NCCL:ncclReduceScatter
90256540195,90256574301,34106,0,34106,NCCL:ncclReduceScatter,1114945,1114945,1,0,33672,25592.0,:25592:33672,--NCCL:ncclReduceScatter
90258199964,90258231505,31541,0,31541,NCCL:ncclReduceScatter,1114945,1114945,1,0,33684,25592.0,:25592:33684,--NCCL:ncclReduceScatter
90259805147,90259837370,32223,0,32223,NCCL:ncclReduceScatter,1114945,1114945,1,0,33694,25592.0,:25592:33694,--NCCL:ncclReduceScatter
90267482138,90267517146,35008,0,35008,NCCL:ncclReduceScatter,1114945,1114945,1,0,33708,25592.0,:25592:33708,--NCCL:ncclReduceScatter
90269088624,90269121287,32663,0,32663,NCCL:ncclReduceScatter,1114945,1114945,1,0,33720,25592.0,:25592:33720,--NCCL:ncclReduceScatter
90270686493,90270716270,29777,0,29777,NCCL:ncclReduceScatter,1114945,1114945,1,0,33732,25592.0,:25592:33732,--NCCL:ncclReduceScatter
90272286176,90272318007,31831,0,31831,NCCL:ncclReduceScatter,1114945,1114945,1,0,33744,25592.0,:25592:33744,--NCCL:ncclReduceScatter
90273869156,90273902180,33024,0,33024,NCCL:ncclReduceScatter,1114945,1114945,1,0,33756,25592.0,:25592:33756,--NCCL:ncclReduceScatter
90275379115,90275411848,32733,0,32733,NCCL:ncclReduceScatter,1114945,1114945,1,0,33768,25592.0,:25592:33768,--NCCL:ncclReduceScatter
90276878664,90276915134,36470,0,36470,NCCL:ncclReduceScatter,1114945,1114945,1,0,33779,25592.0,:25592:33779,--NCCL:ncclReduceScatter
90279005325,90279034291,28966,0,28966,NCCL:ncclReduceScatter,1114945,1114945,1,0,33792,25592.0,:25592:33792,--NCCL:ncclReduceScatter
90280469756,90280496918,27162,0,27162,NCCL:ncclReduceScatter,1114945,1114945,1,0,33804,25592.0,:25592:33804,--NCCL:ncclReduceScatter
90282112161,90282141478,29317,0,29317,NCCL:ncclReduceScatter,1114945,1114945,1,0,33816,25592.0,:25592:33816,--NCCL:ncclReduceScatter
93119372102,93119432599,60497,0,60497,NCCL:ncclAllGather,1114945,1114945,1,0,34021,34011.0,:34011:34021,--NCCL:ncclAllGather
93122149210,93122187495,38285,0,38285,NCCL:ncclAllGather,1114945,1114945,1,0,34032,34011.0,:34011:34032,--NCCL:ncclAllGather
93136715540,93136755247,39707,0,39707,NCCL:ncclAllGather,1114945,1114945,1,0,34088,34011.0,:34011:34088,--NCCL:ncclAllGather
93150208214,93150246418,38204,0,38204,NCCL:ncclAllGather,1114945,1114945,1,0,34140,34011.0,:34011:34140,--NCCL:ncclAllGather
93163538524,93163582339,43815,0,43815,NCCL:ncclAllGather,1114945,1114945,1,0,34192,34011.0,:34011:34192,--NCCL:ncclAllGather
93176196655,93176238606,41951,0,41951,NCCL:ncclAllGather,1114945,1114945,1,0,34244,34011.0,:34011:34244,--NCCL:ncclAllGather
93188661933,93188703343,41410,0,41410,NCCL:ncclAllGather,1114945,1114945,1,0,34286,34011.0,:34011:34286,--NCCL:ncclAllGather
93201118845,93201175314,56469,0,56469,NCCL:ncclAllGather,1114945,1114945,1,0,34335,34011.0,:34011:34335,--NCCL:ncclAllGather
93213792876,93213830208,37332,0,37332,NCCL:ncclAllGather,1114945,1114945,1,0,34384,34011.0,:34011:34384,--NCCL:ncclAllGather
93226344020,93226395750,51730,0,51730,NCCL:ncclAllGather,1114945,1114945,1,0,34436,34011.0,:34011:34436,--NCCL:ncclAllGather
93238626715,93238666853,40138,0,40138,NCCL:ncclAllGather,1114945,1114945,1,0,34485,34011.0,:34011:34485,--NCCL:ncclAllGather
93250996619,93251053078,56459,0,56459,NCCL:ncclAllGather,1114945,1114945,1,0,34537,34011.0,:34011:34537,--NCCL:ncclAllGather
93263969478,93264019815,50337,0,50337,NCCL:ncclAllGather,1114945,1114945,1,0,34593,34011.0,:34011:34593,--NCCL:ncclAllGather
93279794751,93279862693,67942,0,67942,NCCL:ncclAllGather,1114945,1114945,1,0,34657,34011.0,:34011:34657,--NCCL:ncclAllGather
93295344993,93295393848,48855,0,48855,NCCL:ncclAllGather,1114945,1114945,1,0,34720,34011.0,:34011:34720,--NCCL:ncclAllGather
93309965437,93310011957,46520,0,46520,NCCL:ncclAllGather,1114945,1114945,1,0,34781,34011.0,:34011:34781,--NCCL:ncclAllGather
93324615549,93324677699,62150,0,62150,NCCL:ncclAllGather,1114945,1114945,1,0,34839,34011.0,:34011:34839,--NCCL:ncclAllGather
93339157311,93339162271,4960,0,4960,NCCL:ncclSend,1114945,1114945,1,0,34902,34011.0,:34011:34902,--NCCL:ncclSend
94019550209,94019561170,10961,0,10961,NCCL:ncclSend,1114945,1114945,1,0,35519,34011.0,:34011:35519,--NCCL:ncclSend
94019631486,94019633621,2135,0,2135,NCCL:ncclRecv,1114945,1114945,1,0,35522,34011.0,:34011:35522,--NCCL:ncclRecv
98282406377,98282412760,6383,0,6383,NCCL:ncclSend,1114945,1114945,1,0,37484,34011.0,:34011:37484,--NCCL:ncclSend
98282452236,98282453428,1192,0,1192,NCCL:ncclRecv,1114945,1114945,1,0,37492,34011.0,:34011:37492,--NCCL:ncclRecv
100263543298,100263549420,6122,0,6122,NCCL:ncclSend,1114945,1114945,1,0,39476,34011.0,:34011:39476,--NCCL:ncclSend
100263592152,100263593275,1123,0,1123,NCCL:ncclRecv,1114945,1114945,1,0,39486,34011.0,:34011:39486,--NCCL:ncclRecv
101822367562,101822374506,6944,0,6944,NCCL:ncclRecv,1114945,1114945,1,0,40685,34011.0,:34011:40685,--NCCL:ncclRecv
106630164522,106630266740,102218,0,102218,NCCL:ncclReduceScatter,1114945,1114945,1,0,41864,34011.0,:34011:41864,--NCCL:ncclReduceScatter
106632467274,106632520907,53633,0,53633,NCCL:ncclReduceScatter,1114945,1114945,1,0,41876,34011.0,:34011:41876,--NCCL:ncclReduceScatter
106634773723,106634813279,39556,0,39556,NCCL:ncclReduceScatter,1114945,1114945,1,0,41888,34011.0,:34011:41888,--NCCL:ncclReduceScatter
106636691470,106636757047,65577,0,65577,NCCL:ncclReduceScatter,1114945,1114945,1,0,41902,34011.0,:34011:41902,--NCCL:ncclReduceScatter
106638771982,106638818131,46149,0,46149,NCCL:ncclReduceScatter,1114945,1114945,1,0,41915,34011.0,:34011:41915,--NCCL:ncclReduceScatter
106640849568,106640890127,40559,0,40559,NCCL:ncclReduceScatter,1114945,1114945,1,0,41929,34011.0,:34011:41929,--NCCL:ncclReduceScatter
106642930672,106642967934,37262,0,37262,NCCL:ncclReduceScatter,1114945,1114945,1,0,41942,34011.0,:34011:41942,--NCCL:ncclReduceScatter
106649603872,106649648138,44266,0,44266,NCCL:ncclReduceScatter,1114945,1114945,1,0,41951,34011.0,:34011:41951,--NCCL:ncclReduceScatter
106651818363,106651858180,39817,0,39817,NCCL:ncclReduceScatter,1114945,1114945,1,0,41966,34011.0,:34011:41966,--NCCL:ncclReduceScatter
106653973650,106654016313,42663,0,42663,NCCL:ncclReduceScatter,1114945,1114945,1,0,41981,34011.0,:34011:41981,--NCCL:ncclReduceScatter
106656221896,106656258748,36852,0,36852,NCCL:ncclReduceScatter,1114945,1114945,1,0,41994,34011.0,:34011:41994,--NCCL:ncclReduceScatter
106658323329,106658363306,39977,0,39977,NCCL:ncclReduceScatter,1114945,1114945,1,0,42009,34011.0,:34011:42009,--NCCL:ncclReduceScatter
106660352562,106660394913,42351,0,42351,NCCL:ncclReduceScatter,1114945,1114945,1,0,42026,34011.0,:34011:42026,--NCCL:ncclReduceScatter
106662336086,106662379039,42953,0,42953,NCCL:ncclReduceScatter,1114945,1114945,1,0,42038,34011.0,:34011:42038,--NCCL:ncclReduceScatter
106664117500,106664152127,34627,0,34627,NCCL:ncclReduceScatter,1114945,1114945,1,0,42053,34011.0,:34011:42053,--NCCL:ncclReduceScatter
106665947127,106665985532,38405,0,38405,NCCL:ncclReduceScatter,1114945,1114945,1,0,42056,34011.0,:34011:42056,--NCCL:ncclReduceScatter
106667849344,106667885374,36030,0,36030,NCCL:ncclReduceScatter,1114945,1114945,1,0,42059,34011.0,:34011:42059,--NCCL:ncclReduceScatter
109446915575,109446962896,47321,0,47321,NCCL:ncclAllGather,1114945,1114945,1,0,42075,42072.0,:42072:42075,--NCCL:ncclAllGather
109449271279,109449302890,31611,0,31611,NCCL:ncclAllGather,1114945,1114945,1,0,42088,42072.0,:42072:42088,--NCCL:ncclAllGather
109462374550,109462407504,32954,0,32954,NCCL:ncclAllGather,1114945,1114945,1,0,42124,42072.0,:42072:42124,--NCCL:ncclAllGather
109474472257,109474507997,35740,0,35740,NCCL:ncclAllGather,1114945,1114945,1,0,42163,42072.0,:42072:42163,--NCCL:ncclAllGather
109486638117,109486672654,34537,0,34537,NCCL:ncclAllGather,1114945,1114945,1,0,42201,42072.0,:42072:42201,--NCCL:ncclAllGather
109498886215,109498921262,35047,0,35047,NCCL:ncclAllGather,1114945,1114945,1,0,42242,42072.0,:42072:42242,--NCCL:ncclAllGather
109510953674,109510988170,34496,0,34496,NCCL:ncclAllGather,1114945,1114945,1,0,42294,42072.0,:42072:42294,--NCCL:ncclAllGather
109523103442,109523137688,34246,0,34246,NCCL:ncclAllGather,1114945,1114945,1,0,42343,42072.0,:42072:42343,--NCCL:ncclAllGather
109535333385,109535365997,32612,0,32612,NCCL:ncclAllGather,1114945,1114945,1,0,42392,42072.0,:42072:42392,--NCCL:ncclAllGather
109547621540,109547665615,44075,0,44075,NCCL:ncclAllGather,1114945,1114945,1,0,42438,42072.0,:42072:42438,--NCCL:ncclAllGather
109559785475,109559819150,33675,0,33675,NCCL:ncclAllGather,1114945,1114945,1,0,42490,42072.0,:42072:42490,--NCCL:ncclAllGather
109571944150,109571989478,45328,0,45328,NCCL:ncclAllGather,1114945,1114945,1,0,42542,42072.0,:42072:42542,--NCCL:ncclAllGather
109584265841,109584309125,43284,0,43284,NCCL:ncclAllGather,1114945,1114945,1,0,42594,42072.0,:42072:42594,--NCCL:ncclAllGather
109596594505,109596631266,36761,0,36761,NCCL:ncclAllGather,1114945,1114945,1,0,42643,42072.0,:42072:42643,--NCCL:ncclAllGather
109608827373,109608868172,40799,0,40799,NCCL:ncclAllGather,1114945,1114945,1,0,42695,42072.0,:42072:42695,--NCCL:ncclAllGather
109620952233,109620986329,34096,0,34096,NCCL:ncclAllGather,1114945,1114945,1,0,42744,42072.0,:42072:42744,--NCCL:ncclAllGather
109633141618,109633179992,38374,0,38374,NCCL:ncclAllGather,1114945,1114945,1,0,42796,42072.0,:42072:42796,--NCCL:ncclAllGather
109645050570,109645056271,5701,0,5701,NCCL:ncclSend,1114945,1114945,1,0,42844,42072.0,:42072:42844,--NCCL:ncclSend
110347222702,110347229786,7084,0,7084,NCCL:ncclSend,1114945,1114945,1,0,43739,42072.0,:42072:43739,--NCCL:ncclSend
110347282477,110347283970,1493,0,1493,NCCL:ncclRecv,1114945,1114945,1,0,43742,42072.0,:42072:43742,--NCCL:ncclRecv
114595301853,114595312544,10691,0,10691,NCCL:ncclSend,1114945,1114945,1,0,45723,42072.0,:42072:45723,--NCCL:ncclSend
114595358342,114595359965,1623,0,1623,NCCL:ncclRecv,1114945,1114945,1,0,45730,42072.0,:42072:45730,--NCCL:ncclRecv
116576931636,116576938670,7034,0,7034,NCCL:ncclSend,1114945,1114945,1,0,47703,42072.0,:42072:47703,--NCCL:ncclSend
116576991111,116576992544,1433,0,1433,NCCL:ncclRecv,1114945,1114945,1,0,47708,42072.0,:42072:47708,--NCCL:ncclRecv
118137244198,118137252043,7845,0,7845,NCCL:ncclRecv,1114945,1114945,1,0,48917,42072.0,:42072:48917,--NCCL:ncclRecv
122981279945,122981371592,91647,0,91647,NCCL:ncclReduceScatter,1114945,1114945,1,0,50104,42072.0,:42072:50104,--NCCL:ncclReduceScatter
122983103971,122983142265,38294,0,38294,NCCL:ncclReduceScatter,1114945,1114945,1,0,50114,42072.0,:42072:50114,--NCCL:ncclReduceScatter
122984801973,122984832813,30840,0,30840,NCCL:ncclReduceScatter,1114945,1114945,1,0,50122,42072.0,:42072:50122,--NCCL:ncclReduceScatter
122986485558,122986521017,35459,0,35459,NCCL:ncclReduceScatter,1114945,1114945,1,0,50133,42072.0,:42072:50133,--NCCL:ncclReduceScatter
122989759327,122989792040,32713,0,32713,NCCL:ncclReduceScatter,1114945,1114945,1,0,50152,42072.0,:42072:50152,--NCCL:ncclReduceScatter
122991387976,122991418544,30568,0,30568,NCCL:ncclReduceScatter,1114945,1114945,1,0,50164,42072.0,:42072:50164,--NCCL:ncclReduceScatter
122992868558,122992899357,30799,0,30799,NCCL:ncclReduceScatter,1114945,1114945,1,0,50176,42072.0,:42072:50176,--NCCL:ncclReduceScatter
123000531582,123000565968,34386,0,34386,NCCL:ncclReduceScatter,1114945,1114945,1,0,50188,42072.0,:42072:50188,--NCCL:ncclReduceScatter
123002285613,123002322704,37091,0,37091,NCCL:ncclReduceScatter,1114945,1114945,1,0,50200,42072.0,:42072:50200,--NCCL:ncclReduceScatter
123003937196,123003968516,31320,0,31320,NCCL:ncclReduceScatter,1114945,1114945,1,0,50212,42072.0,:42072:50212,--NCCL:ncclReduceScatter
123005535235,123005565253,30018,0,30018,NCCL:ncclReduceScatter,1114945,1114945,1,0,50224,42072.0,:42072:50224,--NCCL:ncclReduceScatter
123007196366,123007229881,33515,0,33515,NCCL:ncclReduceScatter,1114945,1114945,1,0,50236,42072.0,:42072:50236,--NCCL:ncclReduceScatter
123008700985,123008732666,31681,0,31681,NCCL:ncclReduceScatter,1114945,1114945,1,0,50248,42072.0,:42072:50248,--NCCL:ncclReduceScatter
123010314304,123010344943,30639,0,30639,NCCL:ncclReduceScatter,1114945,1114945,1,0,50260,42072.0,:42072:50260,--NCCL:ncclReduceScatter
123011927953,123011956058,28105,0,28105,NCCL:ncclReduceScatter,1114945,1114945,1,0,50271,42072.0,:42072:50271,--NCCL:ncclReduceScatter
123013324704,123013354511,29807,0,29807,NCCL:ncclReduceScatter,1114945,1114945,1,0,50280,42072.0,:42072:50280,--NCCL:ncclReduceScatter
123015021865,123015050881,29016,0,29016,NCCL:ncclReduceScatter,1114945,1114945,1,0,50294,42072.0,:42072:50294,--NCCL:ncclReduceScatter
125921157847,125921208825,50978,0,50978,NCCL:ncclAllGather,1114945,1114945,1,0,50316,50313.0,:50313:50316,--NCCL:ncclAllGather
125923578196,125923609566,31370,0,31370,NCCL:ncclAllGather,1114945,1114945,1,0,50327,50313.0,:50313:50327,--NCCL:ncclAllGather
125936440060,125936475619,35559,0,35559,NCCL:ncclAllGather,1114945,1114945,1,0,50363,50313.0,:50313:50363,--NCCL:ncclAllGather
125948356537,125948391305,34768,0,34768,NCCL:ncclAllGather,1114945,1114945,1,0,50402,50313.0,:50313:50402,--NCCL:ncclAllGather
125960243227,125960274808,31581,0,31581,NCCL:ncclAllGather,1114945,1114945,1,0,50438,50313.0,:50313:50438,--NCCL:ncclAllGather
125972431439,125972465745,34306,0,34306,NCCL:ncclAllGather,1114945,1114945,1,0,50479,50313.0,:50313:50479,--NCCL:ncclAllGather
125984780803,125984817153,36350,0,36350,NCCL:ncclAllGather,1114945,1114945,1,0,50531,50313.0,:50313:50531,--NCCL:ncclAllGather
125997248926,125997305626,56700,0,56700,NCCL:ncclAllGather,1114945,1114945,1,0,50580,50313.0,:50313:50580,--NCCL:ncclAllGather
126009720997,126009764311,43314,0,43314,NCCL:ncclAllGather,1114945,1114945,1,0,50632,50313.0,:50313:50632,--NCCL:ncclAllGather
126022297751,126022340253,42502,0,42502,NCCL:ncclAllGather,1114945,1114945,1,0,50681,50313.0,:50313:50681,--NCCL:ncclAllGather
126034951693,126034988585,36892,0,36892,NCCL:ncclAllGather,1114945,1114945,1,0,50730,50313.0,:50313:50730,--NCCL:ncclAllGather
126047359931,126047414226,54295,0,54295,NCCL:ncclAllGather,1114945,1114945,1,0,50778,50313.0,:50313:50778,--NCCL:ncclAllGather
126060004245,126060051897,47652,0,47652,NCCL:ncclAllGather,1114945,1114945,1,0,50821,50313.0,:50313:50821,--NCCL:ncclAllGather
126073155429,126073193693,38264,0,38264,NCCL:ncclAllGather,1114945,1114945,1,0,50871,50313.0,:50313:50871,--NCCL:ncclAllGather
126085626959,126085661897,34938,0,34938,NCCL:ncclAllGather,1114945,1114945,1,0,50919,50313.0,:50313:50919,--NCCL:ncclAllGather
126098086265,126098136452,50187,0,50187,NCCL:ncclAllGather,1114945,1114945,1,0,50971,50313.0,:50313:50971,--NCCL:ncclAllGather
126110511296,126110557144,45848,0,45848,NCCL:ncclAllGather,1114945,1114945,1,0,51020,50313.0,:50313:51020,--NCCL:ncclAllGather
126122545861,126122552754,6893,0,6893,NCCL:ncclSend,1114945,1114945,1,0,51073,50313.0,:50313:51073,--NCCL:ncclSend
126847322872,126847328022,5150,0,5150,NCCL:ncclSend,1114945,1114945,1,0,51979,50313.0,:50313:51979,--NCCL:ncclSend
126847379361,126847380874,1513,0,1513,NCCL:ncclRecv,1114945,1114945,1,0,51982,50313.0,:50313:51982,--NCCL:ncclRecv
131194562631,131194569474,6843,0,6843,NCCL:ncclSend,1114945,1114945,1,0,53954,50313.0,:50313:53954,--NCCL:ncclSend
131194613539,131194614301,762,0,762,NCCL:ncclRecv,1114945,1114945,1,0,53959,50313.0,:50313:53959,--NCCL:ncclRecv
133176006275,133176013498,7223,0,7223,NCCL:ncclSend,1114945,1114945,1,0,55943,50313.0,:50313:55943,--NCCL:ncclSend
133176056151,133176057223,1072,0,1072,NCCL:ncclRecv,1114945,1114945,1,0,55948,50313.0,:50313:55948,--NCCL:ncclRecv
134732247235,134732255691,8456,0,8456,NCCL:ncclRecv,1114945,1114945,1,0,57165,50313.0,:50313:57165,--NCCL:ncclRecv
139731425854,139731519906,94052,0,94052,NCCL:ncclReduceScatter,1114945,1114945,1,0,58345,50313.0,:50313:58345,--NCCL:ncclReduceScatter
139733487861,139733522167,34306,0,34306,NCCL:ncclReduceScatter,1114945,1114945,1,0,58355,50313.0,:50313:58355,--NCCL:ncclReduceScatter
139735267441,139735295856,28415,0,28415,NCCL:ncclReduceScatter,1114945,1114945,1,0,58365,50313.0,:50313:58365,--NCCL:ncclReduceScatter
139736849820,139736876922,27102,0,27102,NCCL:ncclReduceScatter,1114945,1114945,1,0,58376,50313.0,:50313:58376,--NCCL:ncclReduceScatter
139739632068,139739663249,31181,0,31181,NCCL:ncclReduceScatter,1114945,1114945,1,0,58390,50313.0,:50313:58390,--NCCL:ncclReduceScatter
139741239616,139741271668,32052,0,32052,NCCL:ncclReduceScatter,1114945,1114945,1,0,58403,50313.0,:50313:58403,--NCCL:ncclReduceScatter
139742884526,139742914254,29728,0,29728,NCCL:ncclReduceScatter,1114945,1114945,1,0,58412,50313.0,:50313:58412,--NCCL:ncclReduceScatter
139750524456,139750578250,53794,0,53794,NCCL:ncclReduceScatter,1114945,1114945,1,0,58429,50313.0,:50313:58429,--NCCL:ncclReduceScatter
139752089491,139752118026,28535,0,28535,NCCL:ncclReduceScatter,1114945,1114945,1,0,58441,50313.0,:50313:58441,--NCCL:ncclReduceScatter
139753711216,139753741816,30600,0,30600,NCCL:ncclReduceScatter,1114945,1114945,1,0,58450,50313.0,:50313:58450,--NCCL:ncclReduceScatter
139755313604,139755341899,28295,0,28295,NCCL:ncclReduceScatter,1114945,1114945,1,0,58460,50313.0,:50313:58460,--NCCL:ncclReduceScatter
139756890543,139756932774,42231,0,42231,NCCL:ncclReduceScatter,1114945,1114945,1,0,58470,50313.0,:50313:58470,--NCCL:ncclReduceScatter
139758570871,139758602943,32072,0,32072,NCCL:ncclReduceScatter,1114945,1114945,1,0,58482,50313.0,:50313:58482,--NCCL:ncclReduceScatter
139760148601,139760176655,28054,0,28054,NCCL:ncclReduceScatter,1114945,1114945,1,0,58494,50313.0,:50313:58494,--NCCL:ncclReduceScatter
139761975803,139762004880,29077,0,29077,NCCL:ncclReduceScatter,1114945,1114945,1,0,58504,50313.0,:50313:58504,--NCCL:ncclReduceScatter
139763436918,139763462918,26000,0,26000,NCCL:ncclReduceScatter,1114945,1114945,1,0,58514,50313.0,:50313:58514,--NCCL:ncclReduceScatter
139765084223,139765114121,29898,0,29898,NCCL:ncclReduceScatter,1114945,1114945,1,0,58527,50313.0,:50313:58527,--NCCL:ncclReduceScatter
142607533726,142607575607,41881,0,41881,NCCL:ncclAllGather,1114945,1114945,1,0,58555,58552.0,:58552:58555,--NCCL:ncclAllGather
142609953083,142609986918,33835,0,33835,NCCL:ncclAllGather,1114945,1114945,1,0,58564,58552.0,:58552:58564,--NCCL:ncclAllGather
142623007259,142623045353,38094,0,38094,NCCL:ncclAllGather,1114945,1114945,1,0,58601,58552.0,:58552:58601,--NCCL:ncclAllGather
142634912184,142634944015,31831,0,31831,NCCL:ncclAllGather,1114945,1114945,1,0,58636,58552.0,:58552:58636,--NCCL:ncclAllGather
142646669784,142646704701,34917,0,34917,NCCL:ncclAllGather,1114945,1114945,1,0,58671,58552.0,:58552:58671,--NCCL:ncclAllGather
142658436261,142658474725,38464,0,38464,NCCL:ncclAllGather,1114945,1114945,1,0,58701,58552.0,:58552:58701,--NCCL:ncclAllGather
142670385030,142670422763,37733,0,37733,NCCL:ncclAllGather,1114945,1114945,1,0,58743,58552.0,:58552:58743,--NCCL:ncclAllGather
142682640643,142682677875,37232,0,37232,NCCL:ncclAllGather,1114945,1114945,1,0,58791,58552.0,:58552:58791,--NCCL:ncclAllGather
142694971060,142695007931,36871,0,36871,NCCL:ncclAllGather,1114945,1114945,1,0,58840,58552.0,:58552:58840,--NCCL:ncclAllGather
142707561791,142707609693,47902,0,47902,NCCL:ncclAllGather,1114945,1114945,1,0,58892,58552.0,:58552:58892,--NCCL:ncclAllGather
142720176357,142720223288,46931,0,46931,NCCL:ncclAllGather,1114945,1114945,1,0,58941,58552.0,:58552:58941,--NCCL:ncclAllGather
142732653568,142732698815,45247,0,45247,NCCL:ncclAllGather,1114945,1114945,1,0,58987,58552.0,:58552:58987,--NCCL:ncclAllGather
142745122423,142745166508,44085,0,44085,NCCL:ncclAllGather,1114945,1114945,1,0,59039,58552.0,:58552:59039,--NCCL:ncclAllGather
142757469342,142757507546,38204,0,38204,NCCL:ncclAllGather,1114945,1114945,1,0,59088,58552.0,:58552:59088,--NCCL:ncclAllGather
142770041396,142770079510,38114,0,38114,NCCL:ncclAllGather,1114945,1114945,1,0,59137,58552.0,:58552:59137,--NCCL:ncclAllGather
142782356404,142782393185,36781,0,36781,NCCL:ncclAllGather,1114945,1114945,1,0,59185,58552.0,:58552:59185,--NCCL:ncclAllGather
142794669918,142794707281,37363,0,37363,NCCL:ncclAllGather,1114945,1114945,1,0,59231,58552.0,:58552:59231,--NCCL:ncclAllGather
142806669556,142806674155,4599,0,4599,NCCL:ncclSend,1114945,1114945,1,0,59279,58552.0,:58552:59279,--NCCL:ncclSend
143564993370,143564997759,4389,0,4389,NCCL:ncclSend,1114945,1114945,1,0,60203,58552.0,:58552:60203,--NCCL:ncclSend
143565039990,143565041062,1072,0,1072,NCCL:ncclRecv,1114945,1114945,1,0,60206,58552.0,:58552:60206,--NCCL:ncclRecv
147922212531,147922220166,7635,0,7635,NCCL:ncclSend,1114945,1114945,1,0,62198,58552.0,:58552:62198,--NCCL:ncclSend
147922266836,147922268219,1383,0,1383,NCCL:ncclRecv,1114945,1114945,1,0,62205,58552.0,:58552:62205,--NCCL:ncclRecv
149907859481,149907866915,7434,0,7434,NCCL:ncclSend,1114945,1114945,1,0,64183,58552.0,:58552:64183,--NCCL:ncclSend
149907912764,149907914868,2104,0,2104,NCCL:ncclRecv,1114945,1114945,1,0,64190,58552.0,:58552:64190,--NCCL:ncclRecv
151464234650,151464242566,7916,0,7916,NCCL:ncclRecv,1114945,1114945,1,0,65394,58552.0,:58552:65394,--NCCL:ncclRecv
156381574889,156381665785,90896,0,90896,NCCL:ncclReduceScatter,1114945,1114945,1,0,66585,58552.0,:58552:66585,--NCCL:ncclReduceScatter
156383847192,156383891157,43965,0,43965,NCCL:ncclReduceScatter,1114945,1114945,1,0,66597,58552.0,:58552:66597,--NCCL:ncclReduceScatter
156385922775,156385964475,41700,0,41700,NCCL:ncclReduceScatter,1114945,1114945,1,0,66612,58552.0,:58552:66612,--NCCL:ncclReduceScatter
156387850672,156387887343,36671,0,36671,NCCL:ncclReduceScatter,1114945,1114945,1,0,66624,58552.0,:58552:66624,--NCCL:ncclReduceScatter
156389878512,156389916285,37773,0,37773,NCCL:ncclReduceScatter,1114945,1114945,1,0,66635,58552.0,:58552:66635,--NCCL:ncclReduceScatter
156391820907,156391858209,37302,0,37302,NCCL:ncclReduceScatter,1114945,1114945,1,0,66651,58552.0,:58552:66651,--NCCL:ncclReduceScatter
156393738043,156393774143,36100,0,36100,NCCL:ncclReduceScatter,1114945,1114945,1,0,66662,58552.0,:58552:66662,--NCCL:ncclReduceScatter
156400492331,156400526026,33695,0,33695,NCCL:ncclReduceScatter,1114945,1114945,1,0,66671,58552.0,:58552:66671,--NCCL:ncclReduceScatter
156402403005,156402440537,37532,0,37532,NCCL:ncclReduceScatter,1114945,1114945,1,0,66686,58552.0,:58552:66686,--NCCL:ncclReduceScatter
156404339458,156404376319,36861,0,36861,NCCL:ncclReduceScatter,1114945,1114945,1,0,66701,58552.0,:58552:66701,--NCCL:ncclReduceScatter
156406398078,156406434608,36530,0,36530,NCCL:ncclReduceScatter,1114945,1114945,1,0,66715,58552.0,:58552:66715,--NCCL:ncclReduceScatter
156408341966,156408377996,36030,0,36030,NCCL:ncclReduceScatter,1114945,1114945,1,0,66729,58552.0,:58552:66729,--NCCL:ncclReduceScatter
156410281285,156410318767,37482,0,37482,NCCL:ncclReduceScatter,1114945,1114945,1,0,66745,58552.0,:58552:66745,--NCCL:ncclReduceScatter
156412260170,156412299497,39327,0,39327,NCCL:ncclReduceScatter,1114945,1114945,1,0,66755,58552.0,:58552:66755,--NCCL:ncclReduceScatter
156414201563,156414257151,55588,0,55588,NCCL:ncclReduceScatter,1114945,1114945,1,0,66770,58552.0,:58552:66770,--NCCL:ncclReduceScatter
156416026351,156416060748,34397,0,34397,NCCL:ncclReduceScatter,1114945,1114945,1,0,66776,58552.0,:58552:66776,--NCCL:ncclReduceScatter
156417813015,156417849265,36250,0,36250,NCCL:ncclReduceScatter,1114945,1114945,1,0,66779,58552.0,:58552:66779,--NCCL:ncclReduceScatter
159226901244,159226944558,43314,0,43314,NCCL:ncclAllGather,1114945,1114945,1,0,66795,66792.0,:66792:66795,--NCCL:ncclAllGather
159229326182,159229363154,36972,0,36972,NCCL:ncclAllGather,1114945,1114945,1,0,66807,66792.0,:66792:66807,--NCCL:ncclAllGather
159243164605,159243199121,34516,0,34516,NCCL:ncclAllGather,1114945,1114945,1,0,66846,66792.0,:66792:66846,--NCCL:ncclAllGather
159255496034,159255548034,52000,0,52000,NCCL:ncclAllGather,1114945,1114945,1,0,66885,66792.0,:66792:66885,--NCCL:ncclAllGather
159267707110,159267747669,40559,0,40559,NCCL:ncclAllGather,1114945,1114945,1,0,66924,66792.0,:66792:66924,--NCCL:ncclAllGather
159280000115,159280040303,40188,0,40188,NCCL:ncclAllGather,1114945,1114945,1,0,66962,66792.0,:66792:66962,--NCCL:ncclAllGather
159292415016,159292450765,35749,0,35749,NCCL:ncclAllGather,1114945,1114945,1,0,67014,66792.0,:66792:67014,--NCCL:ncclAllGather
159304972221,159305006908,34687,0,34687,NCCL:ncclAllGather,1114945,1114945,1,0,67063,66792.0,:66792:67063,--NCCL:ncclAllGather
159317422801,159317461045,38244,0,38244,NCCL:ncclAllGather,1114945,1114945,1,0,67112,66792.0,:66792:67112,--NCCL:ncclAllGather
159330125137,159330169823,44686,0,44686,NCCL:ncclAllGather,1114945,1114945,1,0,67161,66792.0,:66792:67161,--NCCL:ncclAllGather
159343028672,159343064441,35769,0,35769,NCCL:ncclAllGather,1114945,1114945,1,0,67213,66792.0,:66792:67213,--NCCL:ncclAllGather
159355620164,159355660111,39947,0,39947,NCCL:ncclAllGather,1114945,1114945,1,0,67265,66792.0,:66792:67265,--NCCL:ncclAllGather
159368373509,159368468613,95104,0,95104,NCCL:ncclAllGather,1114945,1114945,1,0,67317,66792.0,:66792:67317,--NCCL:ncclAllGather
159386611296,159386653878,42582,0,42582,NCCL:ncclAllGather,1114945,1114945,1,0,67360,66792.0,:66792:67360,--NCCL:ncclAllGather
159401285895,159401331283,45388,0,45388,NCCL:ncclAllGather,1114945,1114945,1,0,67406,66792.0,:66792:67406,--NCCL:ncclAllGather
159416014970,159416060047,45077,0,45077,NCCL:ncclAllGather,1114945,1114945,1,0,67447,66792.0,:66792:67447,--NCCL:ncclAllGather
159431277936,159431324246,46310,0,46310,NCCL:ncclAllGather,1114945,1114945,1,0,67489,66792.0,:66792:67489,--NCCL:ncclAllGather
159446471157,159446485696,14539,0,14539,NCCL:ncclSend,1114945,1114945,1,0,67534,66792.0,:66792:67534,--NCCL:ncclSend
160241260287,160241266228,5941,0,5941,NCCL:ncclSend,1114945,1114945,1,0,68453,66792.0,:66792:68453,--NCCL:ncclSend
160241329571,160241331003,1432,0,1432,NCCL:ncclRecv,1114945,1114945,1,0,68459,66792.0,:66792:68459,--NCCL:ncclRecv
164529286163,164529293477,7314,0,7314,NCCL:ncclSend,1114945,1114945,1,0,70433,66792.0,:66792:70433,--NCCL:ncclSend
164529344085,164529345167,1082,0,1082,NCCL:ncclRecv,1114945,1114945,1,0,70440,66792.0,:66792:70440,--NCCL:ncclRecv
166540746856,166540752667,5811,0,5811,NCCL:ncclSend,1114945,1114945,1,0,72425,66792.0,:66792:72425,--NCCL:ncclSend
166540799468,166540801341,1873,0,1873,NCCL:ncclRecv,1114945,1114945,1,0,72434,66792.0,:66792:72434,--NCCL:ncclRecv
168087232387,168087245131,12744,0,12744,NCCL:ncclRecv,1114945,1114945,1,0,73644,66792.0,:66792:73644,--NCCL:ncclRecv
172891089099,172891181277,92178,0,92178,NCCL:ncclReduceScatter,1114945,1114945,1,0,74827,66792.0,:66792:74827,--NCCL:ncclReduceScatter
172893173328,172893233364,60036,0,60036,NCCL:ncclReduceScatter,1114945,1114945,1,0,74839,66792.0,:66792:74839,--NCCL:ncclReduceScatter
172894946817,172894979650,32833,0,32833,NCCL:ncclReduceScatter,1114945,1114945,1,0,74850,66792.0,:66792:74850,--NCCL:ncclReduceScatter
172896483438,172896527583,44145,0,44145,NCCL:ncclReduceScatter,1114945,1114945,1,0,74861,66792.0,:66792:74861,--NCCL:ncclReduceScatter
172898327843,172898360196,32353,0,32353,NCCL:ncclReduceScatter,1114945,1114945,1,0,74872,66792.0,:66792:74872,--NCCL:ncclReduceScatter
172899935721,172899966721,31000,0,31000,NCCL:ncclReduceScatter,1114945,1114945,1,0,74884,66792.0,:66792:74884,--NCCL:ncclReduceScatter
172901457333,172901489465,32132,0,32132,NCCL:ncclReduceScatter,1114945,1114945,1,0,74894,66792.0,:66792:74894,--NCCL:ncclReduceScatter
172909138753,172909175033,36280,0,36280,NCCL:ncclReduceScatter,1114945,1114945,1,0,74908,66792.0,:66792:74908,--NCCL:ncclReduceScatter
172910822498,172910856634,34136,0,34136,NCCL:ncclReduceScatter,1114945,1114945,1,0,74922,66792.0,:66792:74922,--NCCL:ncclReduceScatter
172912397513,172912426829,29316,0,29316,NCCL:ncclReduceScatter,1114945,1114945,1,0,74931,66792.0,:66792:74931,--NCCL:ncclReduceScatter
172913969572,172913999850,30278,0,30278,NCCL:ncclReduceScatter,1114945,1114945,1,0,74942,66792.0,:66792:74942,--NCCL:ncclReduceScatter
172915566309,172915596788,30479,0,30479,NCCL:ncclReduceScatter,1114945,1114945,1,0,74954,66792.0,:66792:74954,--NCCL:ncclReduceScatter
172917161262,172917196701,35439,0,35439,NCCL:ncclReduceScatter,1114945,1114945,1,0,74964,66792.0,:66792:74964,--NCCL:ncclReduceScatter
172918776785,172918807905,31120,0,31120,NCCL:ncclReduceScatter,1114945,1114945,1,0,74975,66792.0,:66792:74975,--NCCL:ncclReduceScatter
172920571314,172920600671,29357,0,29357,NCCL:ncclReduceScatter,1114945,1114945,1,0,74986,66792.0,:66792:74986,--NCCL:ncclReduceScatter
172922026628,172922067286,40658,0,40658,NCCL:ncclReduceScatter,1114945,1114945,1,0,74999,66792.0,:66792:74999,--NCCL:ncclReduceScatter
172923681006,172923714821,33815,0,33815,NCCL:ncclReduceScatter,1114945,1114945,1,0,75008,66792.0,:66792:75008,--NCCL:ncclReduceScatter
175644452160,175644503609,51449,0,51449,NCCL:ncclAllGather,1114945,1114945,1,0,75051,75050.0,:75050:75051,--NCCL:ncclAllGather
175646935290,175646972142,36852,0,36852,NCCL:ncclAllGather,1114945,1114945,1,0,75061,75050.0,:75050:75061,--NCCL:ncclAllGather
175660471699,175660527778,56079,0,56079,NCCL:ncclAllGather,1114945,1114945,1,0,75100,75050.0,:75050:75100,--NCCL:ncclAllGather
175672670772,175672715549,44777,0,44777,NCCL:ncclAllGather,1114945,1114945,1,0,75139,75050.0,:75050:75139,--NCCL:ncclAllGather
175684783338,175684826682,43344,0,43344,NCCL:ncclAllGather,1114945,1114945,1,0,75175,75050.0,:75050:75175,--NCCL:ncclAllGather
175697202397,175697250360,47963,0,47963,NCCL:ncclAllGather,1114945,1114945,1,0,75223,75050.0,:75050:75223,--NCCL:ncclAllGather
175709910775,175709949750,38975,0,38975,NCCL:ncclAllGather,1114945,1114945,1,0,75275,75050.0,:75050:75275,--NCCL:ncclAllGather
175722640254,175722678337,38083,0,38083,NCCL:ncclAllGather,1114945,1114945,1,0,75327,75050.0,:75050:75327,--NCCL:ncclAllGather
175735317070,175735368790,51720,0,51720,NCCL:ncclAllGather,1114945,1114945,1,0,75379,75050.0,:75050:75379,--NCCL:ncclAllGather
175748066929,175748104080,37151,0,37151,NCCL:ncclAllGather,1114945,1114945,1,0,75422,75050.0,:75050:75422,--NCCL:ncclAllGather
175760915167,175760982026,66859,0,66859,NCCL:ncclAllGather,1114945,1114945,1,0,75474,75050.0,:75050:75474,--NCCL:ncclAllGather
175773640267,175773681286,41019,0,41019,NCCL:ncclAllGather,1114945,1114945,1,0,75525,75050.0,:75050:75525,--NCCL:ncclAllGather
175786194066,175786234715,40649,0,40649,NCCL:ncclAllGather,1114945,1114945,1,0,75574,75050.0,:75050:75574,--NCCL:ncclAllGather
175798842318,175798879319,37001,0,37001,NCCL:ncclAllGather,1114945,1114945,1,0,75626,75050.0,:75050:75626,--NCCL:ncclAllGather
175811391618,175811439621,48003,0,48003,NCCL:ncclAllGather,1114945,1114945,1,0,75677,75050.0,:75050:75677,--NCCL:ncclAllGather
175823741082,175823789295,48213,0,48213,NCCL:ncclAllGather,1114945,1114945,1,0,75726,75050.0,:75050:75726,--NCCL:ncclAllGather
175836134551,175836172625,38074,0,38074,NCCL:ncclAllGather,1114945,1114945,1,0,75772,75050.0,:75050:75772,--NCCL:ncclAllGather
175849466825,175849474720,7895,0,7895,NCCL:ncclSend,1114945,1114945,1,0,75830,75050.0,:75050:75830,--NCCL:ncclSend
176565342819,176565350003,7184,0,7184,NCCL:ncclSend,1114945,1114945,1,0,76691,75050.0,:75050:76691,--NCCL:ncclSend
176565395892,176565396904,1012,0,1012,NCCL:ncclRecv,1114945,1114945,1,0,76694,75050.0,:75050:76694,--NCCL:ncclRecv
180895932610,180895939353,6743,0,6743,NCCL:ncclSend,1114945,1114945,1,0,78678,75050.0,:75050:78678,--NCCL:ncclSend
180895981435,180895983619,2184,0,2184,NCCL:ncclRecv,1114945,1114945,1,0,78683,75050.0,:75050:78683,--NCCL:ncclRecv
182896980342,182896987957,7615,0,7615,NCCL:ncclSend,1114945,1114945,1,0,80663,75050.0,:75050:80663,--NCCL:ncclSend
182897041541,182897043094,1553,0,1553,NCCL:ncclRecv,1114945,1114945,1,0,80669,75050.0,:75050:80669,--NCCL:ncclRecv
184458391378,184458397710,6332,0,6332,NCCL:ncclRecv,1114945,1114945,1,0,81875,75050.0,:75050:81875,--NCCL:ncclRecv
189549267818,189549349596,81778,0,81778,NCCL:ncclReduceScatter,1114945,1114945,1,0,83066,75050.0,:75050:83066,--NCCL:ncclReduceScatter
189551371895,189551413014,41119,0,41119,NCCL:ncclReduceScatter,1114945,1114945,1,0,83078,75050.0,:75050:83078,--NCCL:ncclReduceScatter
189552842849,189552871494,28645,0,28645,NCCL:ncclReduceScatter,1114945,1114945,1,0,83090,75050.0,:75050:83090,--NCCL:ncclReduceScatter
189554387896,189554417443,29547,0,29547,NCCL:ncclReduceScatter,1114945,1114945,1,0,83100,75050.0,:75050:83100,--NCCL:ncclReduceScatter
189556243954,189556273010,29056,0,29056,NCCL:ncclReduceScatter,1114945,1114945,1,0,83111,75050.0,:75050:83111,--NCCL:ncclReduceScatter
189557702834,189557734766,31932,0,31932,NCCL:ncclReduceScatter,1114945,1114945,1,0,83122,75050.0,:75050:83122,--NCCL:ncclReduceScatter
189559243052,189559276947,33895,0,33895,NCCL:ncclReduceScatter,1114945,1114945,1,0,83133,75050.0,:75050:83133,--NCCL:ncclReduceScatter
189567308193,189567340125,31932,0,31932,NCCL:ncclReduceScatter,1114945,1114945,1,0,83149,75050.0,:75050:83149,--NCCL:ncclReduceScatter
189568965036,189568995265,30229,0,30229,NCCL:ncclReduceScatter,1114945,1114945,1,0,83162,75050.0,:75050:83162,--NCCL:ncclReduceScatter
189570596340,189570626097,29757,0,29757,NCCL:ncclReduceScatter,1114945,1114945,1,0,83172,75050.0,:75050:83172,--NCCL:ncclReduceScatter
189572178869,189572210891,32022,0,32022,NCCL:ncclReduceScatter,1114945,1114945,1,0,83184,75050.0,:75050:83184,--NCCL:ncclReduceScatter
189573753223,189573786397,33174,0,33174,NCCL:ncclReduceScatter,1114945,1114945,1,0,83196,75050.0,:75050:83196,--NCCL:ncclReduceScatter
189575310293,189575341834,31541,0,31541,NCCL:ncclReduceScatter,1114945,1114945,1,0,83208,75050.0,:75050:83208,--NCCL:ncclReduceScatter
189576865539,189576898303,32764,0,32764,NCCL:ncclReduceScatter,1114945,1114945,1,0,83220,75050.0,:75050:83220,--NCCL:ncclReduceScatter
189578772446,189578801512,29066,0,29066,NCCL:ncclReduceScatter,1114945,1114945,1,0,83232,75050.0,:75050:83232,--NCCL:ncclReduceScatter
189580173845,189580202761,28916,0,28916,NCCL:ncclReduceScatter,1114945,1114945,1,0,83244,75050.0,:75050:83244,--NCCL:ncclReduceScatter
189581892177,189581928437,36260,0,36260,NCCL:ncclReduceScatter,1114945,1114945,1,0,83258,75050.0,:75050:83258,--NCCL:ncclReduceScatter
192461926309,192461979552,53243,0,53243,NCCL:ncclAllGather,1114945,1114945,1,0,83284,83281.0,:83281:83284,--NCCL:ncclAllGather
192466576729,192466611626,34897,0,34897,NCCL:ncclAllGather,1114945,1114945,1,0,83300,83281.0,:83281:83300,--NCCL:ncclAllGather
192485305606,192485345774,40168,0,40168,NCCL:ncclAllGather,1114945,1114945,1,0,83349,83281.0,:83281:83349,--NCCL:ncclAllGather
192500075108,192500113092,37984,0,37984,NCCL:ncclAllGather,1114945,1114945,1,0,83395,83281.0,:83281:83395,--NCCL:ncclAllGather
192514542557,192514580240,37683,0,37683,NCCL:ncclAllGather,1114945,1114945,1,0,83448,83281.0,:83281:83448,--NCCL:ncclAllGather
192528852321,192528889482,37161,0,37161,NCCL:ncclAllGather,1114945,1114945,1,0,83496,83281.0,:83281:83496,--NCCL:ncclAllGather
192543406006,192543453217,47211,0,47211,NCCL:ncclAllGather,1114945,1114945,1,0,83548,83281.0,:83281:83548,--NCCL:ncclAllGather
192557969239,192558010018,40779,0,40779,NCCL:ncclAllGather,1114945,1114945,1,0,83602,83281.0,:83281:83602,--NCCL:ncclAllGather
192572392723,192572448010,55287,0,55287,NCCL:ncclAllGather,1114945,1114945,1,0,83654,83281.0,:83281:83654,--NCCL:ncclAllGather
192586558127,192586605719,47592,0,47592,NCCL:ncclAllGather,1114945,1114945,1,0,83705,83281.0,:83281:83705,--NCCL:ncclAllGather
192600442369,192600486193,43824,0,43824,NCCL:ncclAllGather,1114945,1114945,1,0,83755,83281.0,:83281:83755,--NCCL:ncclAllGather
192614730210,192614784715,54505,0,54505,NCCL:ncclAllGather,1114945,1114945,1,0,83807,83281.0,:83281:83807,--NCCL:ncclAllGather
192628833314,192628875796,42482,0,42482,NCCL:ncclAllGather,1114945,1114945,1,0,83853,83281.0,:83281:83853,--NCCL:ncclAllGather
192643827271,192643880443,53172,0,53172,NCCL:ncclAllGather,1114945,1114945,1,0,83905,83281.0,:83281:83905,--NCCL:ncclAllGather
192660472589,192660509110,36521,0,36521,NCCL:ncclAllGather,1114945,1114945,1,0,83958,83281.0,:83281:83958,--NCCL:ncclAllGather
192674897796,192674935188,37392,0,37392,NCCL:ncclAllGather,1114945,1114945,1,0,84013,83281.0,:83281:84013,--NCCL:ncclAllGather
192689480377,192689524412,44035,0,44035,NCCL:ncclAllGather,1114945,1114945,1,0,84065,83281.0,:83281:84065,--NCCL:ncclAllGather
192704435048,192704442512,7464,0,7464,NCCL:ncclSend,1114945,1114945,1,0,84120,83281.0,:83281:84120,--NCCL:ncclSend
193361574783,193361582888,8105,0,8105,NCCL:ncclSend,1114945,1114945,1,0,84935,83281.0,:83281:84935,--NCCL:ncclSend
193361638686,193361639998,1312,0,1312,NCCL:ncclRecv,1114945,1114945,1,0,84939,83281.0,:83281:84939,--NCCL:ncclRecv
197727554790,197727560451,5661,0,5661,NCCL:ncclSend,1114945,1114945,1,0,86928,83281.0,:83281:86928,--NCCL:ncclSend
197727609295,197727610347,1052,0,1052,NCCL:ncclRecv,1114945,1114945,1,0,86938,83281.0,:83281:86938,--NCCL:ncclRecv
199712099428,199712105590,6162,0,6162,NCCL:ncclSend,1114945,1114945,1,0,88919,83281.0,:83281:88919,--NCCL:ncclSend
199712162701,199712163673,972,0,972,NCCL:ncclRecv,1114945,1114945,1,0,88926,83281.0,:83281:88926,--NCCL:ncclRecv
201272615934,201272623148,7214,0,7214,NCCL:ncclRecv,1114945,1114945,1,0,90124,83281.0,:83281:90124,--NCCL:ncclRecv
206353043895,206353120062,76167,0,76167,NCCL:ncclReduceScatter,1114945,1114945,1,0,91314,83281.0,:83281:91314,--NCCL:ncclReduceScatter
206355651867,206355687786,35919,0,35919,NCCL:ncclReduceScatter,1114945,1114945,1,0,91326,83281.0,:83281:91326,--NCCL:ncclReduceScatter
206357679998,206357721438,41440,0,41440,NCCL:ncclReduceScatter,1114945,1114945,1,0,91338,83281.0,:83281:91338,--NCCL:ncclReduceScatter
206359604238,206359636360,32122,0,32122,NCCL:ncclReduceScatter,1114945,1114945,1,0,91350,83281.0,:83281:91350,--NCCL:ncclReduceScatter
206361521434,206361552995,31561,0,31561,NCCL:ncclReduceScatter,1114945,1114945,1,0,91361,83281.0,:83281:91361,--NCCL:ncclReduceScatter
206363329519,206363362203,32684,0,32684,NCCL:ncclReduceScatter,1114945,1114945,1,0,91373,83281.0,:83281:91373,--NCCL:ncclReduceScatter
206365210636,206365252607,41971,0,41971,NCCL:ncclReduceScatter,1114945,1114945,1,0,91385,83281.0,:83281:91385,--NCCL:ncclReduceScatter
206370558735,206370596137,37402,0,37402,NCCL:ncclReduceScatter,1114945,1114945,1,0,91396,83281.0,:83281:91396,--NCCL:ncclReduceScatter
206372553000,206372584000,31000,0,31000,NCCL:ncclReduceScatter,1114945,1114945,1,0,91410,83281.0,:83281:91410,--NCCL:ncclReduceScatter
206374570691,206374602713,32022,0,32022,NCCL:ncclReduceScatter,1114945,1114945,1,0,91422,83281.0,:83281:91422,--NCCL:ncclReduceScatter
206376519338,206376555037,35699,0,35699,NCCL:ncclReduceScatter,1114945,1114945,1,0,91434,83281.0,:83281:91434,--NCCL:ncclReduceScatter
206378459749,206378491661,31912,0,31912,NCCL:ncclReduceScatter,1114945,1114945,1,0,91445,83281.0,:83281:91445,--NCCL:ncclReduceScatter
206380385973,206380416913,30940,0,30940,NCCL:ncclReduceScatter,1114945,1114945,1,0,91457,83281.0,:83281:91457,--NCCL:ncclReduceScatter
206382251149,206382282379,31230,0,31230,NCCL:ncclReduceScatter,1114945,1114945,1,0,91469,83281.0,:83281:91469,--NCCL:ncclReduceScatter
206383942949,206383972527,29578,0,29578,NCCL:ncclReduceScatter,1114945,1114945,1,0,91481,83281.0,:83281:91481,--NCCL:ncclReduceScatter
206385669347,206385703292,33945,0,33945,NCCL:ncclReduceScatter,1114945,1114945,1,0,91493,83281.0,:83281:91493,--NCCL:ncclReduceScatter
206387381437,206387411375,29938,0,29938,NCCL:ncclReduceScatter,1114945,1114945,1,0,91505,83281.0,:83281:91505,--NCCL:ncclReduceScatter
209202486487,209202542676,56189,0,56189,NCCL:ncclAllGather,1114945,1114945,1,0,91665,91664.0,:91664:91665,--NCCL:ncclAllGather
209205569978,209205605828,35850,0,35850,NCCL:ncclAllGather,1114945,1114945,1,0,91678,91664.0,:91664:91678,--NCCL:ncclAllGather
209222195930,209222258981,63051,0,63051,NCCL:ncclAllGather,1114945,1114945,1,0,91736,91664.0,:91664:91736,--NCCL:ncclAllGather
209236693276,209236730959,37683,0,37683,NCCL:ncclAllGather,1114945,1114945,1,0,91785,91664.0,:91664:91785,--NCCL:ncclAllGather
209250893348,209250931782,38434,0,38434,NCCL:ncclAllGather,1114945,1114945,1,0,91831,91664.0,:91664:91831,--NCCL:ncclAllGather
209264846352,209264896268,49916,0,49916,NCCL:ncclAllGather,1114945,1114945,1,0,91880,91664.0,:91664:91880,--NCCL:ncclAllGather
209279026465,209279066642,40177,0,40177,NCCL:ncclAllGather,1114945,1114945,1,0,91929,91664.0,:91664:91929,--NCCL:ncclAllGather
209293259300,209293299347,40047,0,40047,NCCL:ncclAllGather,1114945,1114945,1,0,91981,91664.0,:91664:91981,--NCCL:ncclAllGather
209307384797,209307425866,41069,0,41069,NCCL:ncclAllGather,1114945,1114945,1,0,92033,91664.0,:91664:92033,--NCCL:ncclAllGather
209321332180,209321377748,45568,0,45568,NCCL:ncclAllGather,1114945,1114945,1,0,92079,91664.0,:91664:92079,--NCCL:ncclAllGather
209335268632,209335308059,39427,0,39427,NCCL:ncclAllGather,1114945,1114945,1,0,92131,91664.0,:91664:92131,--NCCL:ncclAllGather
209349269589,209349322451,52862,0,52862,NCCL:ncclAllGather,1114945,1114945,1,0,92182,91664.0,:91664:92182,--NCCL:ncclAllGather
209365536957,209365575041,38084,0,38084,NCCL:ncclAllGather,1114945,1114945,1,0,92227,91664.0,:91664:92227,--NCCL:ncclAllGather
209379760243,209379795582,35339,0,35339,NCCL:ncclAllGather,1114945,1114945,1,0,92276,91664.0,:91664:92276,--NCCL:ncclAllGather
209393820906,209393866203,45297,0,45297,NCCL:ncclAllGather,1114945,1114945,1,0,92329,91664.0,:91664:92329,--NCCL:ncclAllGather
209410724564,209410778458,53894,0,53894,NCCL:ncclAllGather,1114945,1114945,1,0,92400,91664.0,:91664:92400,--NCCL:ncclAllGather
209429913831,209429974257,60426,0,60426,NCCL:ncclAllGather,1114945,1114945,1,0,92434,91664.0,:91664:92434,--NCCL:ncclAllGather
209448228947,209448237243,8296,0,8296,NCCL:ncclSend,1114945,1114945,1,0,92488,91664.0,:91664:92488,--NCCL:ncclSend
210048682957,210048689390,6433,0,6433,NCCL:ncclSend,1114945,1114945,1,0,93179,91664.0,:91664:93179,--NCCL:ncclSend
210048772180,210048774123,1943,0,1943,NCCL:ncclRecv,1114945,1114945,1,0,93182,91664.0,:91664:93182,--NCCL:ncclRecv
214381072778,214381079772,6994,0,6994,NCCL:ncclSend,1114945,1114945,1,0,95165,91664.0,:91664:95165,--NCCL:ncclSend
214381137193,214381138806,1613,0,1613,NCCL:ncclRecv,1114945,1114945,1,0,95171,91664.0,:91664:95171,--NCCL:ncclRecv
216372288643,216372295837,7194,0,7194,NCCL:ncclSend,1114945,1114945,1,0,97152,91664.0,:91664:97152,--NCCL:ncclSend
216372361845,216372362937,1092,0,1092,NCCL:ncclRecv,1114945,1114945,1,0,97158,91664.0,:91664:97158,--NCCL:ncclRecv
217935556508,217935566207,9699,0,9699,NCCL:ncclRecv,1114945,1114945,1,0,98367,91664.0,:91664:98367,--NCCL:ncclRecv
222710851294,222710927141,75847,0,75847,NCCL:ncclReduceScatter,1114945,1114945,1,0,99552,91664.0,:91664:99552,--NCCL:ncclReduceScatter
222712998997,222713033934,34937,0,34937,NCCL:ncclReduceScatter,1114945,1114945,1,0,99564,91664.0,:91664:99564,--NCCL:ncclReduceScatter
222714982070,222715013511,31441,0,31441,NCCL:ncclReduceScatter,1114945,1114945,1,0,99576,91664.0,:91664:99576,--NCCL:ncclReduceScatter
222716792841,222716821867,29026,0,29026,NCCL:ncclReduceScatter,1114945,1114945,1,0,99588,91664.0,:91664:99588,--NCCL:ncclReduceScatter
222718752940,222718782307,29367,0,29367,NCCL:ncclReduceScatter,1114945,1114945,1,0,99600,91664.0,:91664:99600,--NCCL:ncclReduceScatter
222720570404,222720598999,28595,0,28595,NCCL:ncclReduceScatter,1114945,1114945,1,0,99612,91664.0,:91664:99612,--NCCL:ncclReduceScatter
222722329775,222722359683,29908,0,29908,NCCL:ncclReduceScatter,1114945,1114945,1,0,99624,91664.0,:91664:99624,--NCCL:ncclReduceScatter
222729720793,222729755200,34407,0,34407,NCCL:ncclReduceScatter,1114945,1114945,1,0,99638,91664.0,:91664:99638,--NCCL:ncclReduceScatter
222731557294,222731585729,28435,0,28435,NCCL:ncclReduceScatter,1114945,1114945,1,0,99650,91664.0,:91664:99650,--NCCL:ncclReduceScatter
222733458819,222733493497,34678,0,34678,NCCL:ncclReduceScatter,1114945,1114945,1,0,99662,91664.0,:91664:99662,--NCCL:ncclReduceScatter
222735439559,222735468755,29196,0,29196,NCCL:ncclReduceScatter,1114945,1114945,1,0,99675,91664.0,:91664:99675,--NCCL:ncclReduceScatter
222737287131,222737318912,31781,0,31781,NCCL:ncclReduceScatter,1114945,1114945,1,0,99687,91664.0,:91664:99687,--NCCL:ncclReduceScatter
222739139762,222739172956,33194,0,33194,NCCL:ncclReduceScatter,1114945,1114945,1,0,99700,91664.0,:91664:99700,--NCCL:ncclReduceScatter
222741121704,222741154006,32302,0,32302,NCCL:ncclReduceScatter,1114945,1114945,1,0,99712,91664.0,:91664:99712,--NCCL:ncclReduceScatter
222742941191,222742972702,31511,0,31511,NCCL:ncclReduceScatter,1114945,1114945,1,0,99724,91664.0,:91664:99724,--NCCL:ncclReduceScatter
222744570150,222744608264,38114,0,38114,NCCL:ncclReduceScatter,1114945,1114945,1,0,99736,91664.0,:91664:99736,--NCCL:ncclReduceScatter
222746255899,222746286328,30429,0,30429,NCCL:ncclReduceScatter,1114945,1114945,1,0,99746,91664.0,:91664:99746,--NCCL:ncclReduceScatter
225554731113,225554795808,64695,0,64695,NCCL:ncclAllGather,1114945,1114945,1,0,99898,99894.0,:99894:99898,--NCCL:ncclAllGather
225557644174,225557691596,47422,0,47422,NCCL:ncclAllGather,1114945,1114945,1,0,99911,99894.0,:99894:99911,--NCCL:ncclAllGather
225573630990,225573678221,47231,0,47231,NCCL:ncclAllGather,1114945,1114945,1,0,99964,99894.0,:99894:99964,--NCCL:ncclAllGather
225588179054,225588215375,36321,0,36321,NCCL:ncclAllGather,1114945,1114945,1,0,100016,99894.0,:99894:100016,--NCCL:ncclAllGather
225602372243,225602410657,38414,0,38414,NCCL:ncclAllGather,1114945,1114945,1,0,100064,99894.0,:99894:100064,--NCCL:ncclAllGather
225616258909,225616320538,61629,0,61629,NCCL:ncclAllGather,1114945,1114945,1,0,100113,99894.0,:99894:100113,--NCCL:ncclAllGather
225630446516,225630493457,46941,0,46941,NCCL:ncclAllGather,1114945,1114945,1,0,100162,99894.0,:99894:100162,--NCCL:ncclAllGather
225644433145,225644471189,38044,0,38044,NCCL:ncclAllGather,1114945,1114945,1,0,100214,99894.0,:99894:100214,--NCCL:ncclAllGather
225658613990,225658656151,42161,0,42161,NCCL:ncclAllGather,1114945,1114945,1,0,100266,99894.0,:99894:100266,--NCCL:ncclAllGather
225672665354,225672703568,38214,0,38214,NCCL:ncclAllGather,1114945,1114945,1,0,100318,99894.0,:99894:100318,--NCCL:ncclAllGather
225686773137,225686811581,38444,0,38444,NCCL:ncclAllGather,1114945,1114945,1,0,100364,99894.0,:99894:100364,--NCCL:ncclAllGather
225700716041,225700768533,52492,0,52492,NCCL:ncclAllGather,1114945,1114945,1,0,100412,99894.0,:99894:100412,--NCCL:ncclAllGather
225716102026,225716154697,52671,0,52671,NCCL:ncclAllGather,1114945,1114945,1,0,100461,99894.0,:99894:100461,--NCCL:ncclAllGather
225730685428,225730720506,35078,0,35078,NCCL:ncclAllGather,1114945,1114945,1,0,100506,99894.0,:99894:100506,--NCCL:ncclAllGather
225744980644,225745022515,41871,0,41871,NCCL:ncclAllGather,1114945,1114945,1,0,100562,99894.0,:99894:100562,--NCCL:ncclAllGather
225759081854,225759131019,49165,0,49165,NCCL:ncclAllGather,1114945,1114945,1,0,100606,99894.0,:99894:100606,--NCCL:ncclAllGather
225774322968,225774371743,48775,0,48775,NCCL:ncclAllGather,1114945,1114945,1,0,100665,99894.0,:99894:100665,--NCCL:ncclAllGather
225790382786,225790391412,8626,0,8626,NCCL:ncclSend,1114945,1114945,1,0,100719,99894.0,:99894:100719,--NCCL:ncclSend
226427154304,226427168903,14599,0,14599,NCCL:ncclSend,1114945,1114945,1,0,101447,99894.0,:99894:101447,--NCCL:ncclSend
226427248737,226427250270,1533,0,1533,NCCL:ncclRecv,1114945,1114945,1,0,101450,99894.0,:99894:101450,--NCCL:ncclRecv
230706945962,230706952745,6783,0,6783,NCCL:ncclSend,1114945,1114945,1,0,103407,99894.0,:99894:103407,--NCCL:ncclSend
230707011148,230707012271,1123,0,1123,NCCL:ncclRecv,1114945,1114945,1,0,103418,99894.0,:99894:103418,--NCCL:ncclRecv
232692856151,232692863064,6913,0,6913,NCCL:ncclSend,1114945,1114945,1,0,105403,99894.0,:99894:105403,--NCCL:ncclSend
232692919162,232692920405,1243,0,1243,NCCL:ncclRecv,1114945,1114945,1,0,105414,99894.0,:99894:105414,--NCCL:ncclRecv
234253145688,234253153373,7685,0,7685,NCCL:ncclRecv,1114945,1114945,1,0,106609,99894.0,:99894:106609,--NCCL:ncclRecv
239163050232,239163157960,107728,0,107728,NCCL:ncclReduceScatter,1114945,1114945,1,0,107798,99894.0,:99894:107798,--NCCL:ncclReduceScatter
239165797503,239165841508,44005,0,44005,NCCL:ncclReduceScatter,1114945,1114945,1,0,107811,99894.0,:99894:107811,--NCCL:ncclReduceScatter
239168502643,239168537380,34737,0,34737,NCCL:ncclReduceScatter,1114945,1114945,1,0,107824,99894.0,:99894:107824,--NCCL:ncclReduceScatter
239171188595,239171222561,33966,0,33966,NCCL:ncclReduceScatter,1114945,1114945,1,0,107838,99894.0,:99894:107838,--NCCL:ncclReduceScatter
239173836674,239173872814,36140,0,36140,NCCL:ncclReduceScatter,1114945,1114945,1,0,107852,99894.0,:99894:107852,--NCCL:ncclReduceScatter
239176427834,239176466629,38795,0,38795,NCCL:ncclReduceScatter,1114945,1114945,1,0,107862,99894.0,:99894:107862,--NCCL:ncclReduceScatter
239179254919,239179291911,36992,0,36992,NCCL:ncclReduceScatter,1114945,1114945,1,0,107870,99894.0,:99894:107870,--NCCL:ncclReduceScatter
239181893310,239181933718,40408,0,40408,NCCL:ncclReduceScatter,1114945,1114945,1,0,107883,99894.0,:99894:107883,--NCCL:ncclReduceScatter
239184677482,239184715004,37522,0,37522,NCCL:ncclReduceScatter,1114945,1114945,1,0,107897,99894.0,:99894:107897,--NCCL:ncclReduceScatter
239187545867,239187590914,45047,0,45047,NCCL:ncclReduceScatter,1114945,1114945,1,0,107911,99894.0,:99894:107911,--NCCL:ncclReduceScatter
239190275133,239190329198,54065,0,54065,NCCL:ncclReduceScatter,1114945,1114945,1,0,107925,99894.0,:99894:107925,--NCCL:ncclReduceScatter
239192839000,239192876112,37112,0,37112,NCCL:ncclReduceScatter,1114945,1114945,1,0,107939,99894.0,:99894:107939,--NCCL:ncclReduceScatter
239195395071,239195429267,34196,0,34196,NCCL:ncclReduceScatter,1114945,1114945,1,0,107954,99894.0,:99894:107954,--NCCL:ncclReduceScatter
239197832684,239197870086,37402,0,37402,NCCL:ncclReduceScatter,1114945,1114945,1,0,107964,99894.0,:99894:107964,--NCCL:ncclReduceScatter
239200452639,239200487055,34416,0,34416,NCCL:ncclReduceScatter,1114945,1114945,1,0,107973,99894.0,:99894:107973,--NCCL:ncclReduceScatter
239203043878,239203093474,49596,0,49596,NCCL:ncclReduceScatter,1114945,1114945,1,0,107980,99894.0,:99894:107980,--NCCL:ncclReduceScatter
239205714901,239205795367,80466,0,80466,NCCL:ncclReduceScatter,1114945,1114945,1,0,107986,99894.0,:99894:107986,--NCCL:ncclReduceScatter
242102132025,242102191630,59605,0,59605,NCCL:ncclAllGather,1114945,1114945,1,0,108173,108165.0,:108165:108173,--NCCL:ncclAllGather
242105076407,242105115453,39046,0,39046,NCCL:ncclAllGather,1114945,1114945,1,0,108182,108165.0,:108165:108182,--NCCL:ncclAllGather
242120308263,242120348351,40088,0,40088,NCCL:ncclAllGather,1114945,1114945,1,0,108233,108165.0,:108165:108233,--NCCL:ncclAllGather
242134570686,242134608158,37472,0,37472,NCCL:ncclAllGather,1114945,1114945,1,0,108282,108165.0,:108165:108282,--NCCL:ncclAllGather
242148436080,242148472401,36321,0,36321,NCCL:ncclAllGather,1114945,1114945,1,0,108328,108165.0,:108165:108328,--NCCL:ncclAllGather
242162384786,242162427499,42713,0,42713,NCCL:ncclAllGather,1114945,1114945,1,0,108376,108165.0,:108165:108376,--NCCL:ncclAllGather
242176303303,242176339614,36311,0,36311,NCCL:ncclAllGather,1114945,1114945,1,0,108422,108165.0,:108165:108422,--NCCL:ncclAllGather
242190109894,242190145092,35198,0,35198,NCCL:ncclAllGather,1114945,1114945,1,0,108474,108165.0,:108165:108474,--NCCL:ncclAllGather
242203902067,242203941955,39888,0,39888,NCCL:ncclAllGather,1114945,1114945,1,0,108525,108165.0,:108165:108525,--NCCL:ncclAllGather
242217708237,242217759376,51139,0,51139,NCCL:ncclAllGather,1114945,1114945,1,0,108573,108165.0,:108165:108573,--NCCL:ncclAllGather
242231452698,242231505751,53053,0,53053,NCCL:ncclAllGather,1114945,1114945,1,0,108622,108165.0,:108165:108622,--NCCL:ncclAllGather
242245187551,242245223480,35929,0,35929,NCCL:ncclAllGather,1114945,1114945,1,0,108671,108165.0,:108165:108671,--NCCL:ncclAllGather
242258861174,242258903977,42803,0,42803,NCCL:ncclAllGather,1114945,1114945,1,0,108720,108165.0,:108165:108720,--NCCL:ncclAllGather
242272769893,242272811934,42041,0,42041,NCCL:ncclAllGather,1114945,1114945,1,0,108772,108165.0,:108165:108772,--NCCL:ncclAllGather
242286467153,242286502791,35638,0,35638,NCCL:ncclAllGather,1114945,1114945,1,0,108835,108165.0,:108165:108835,--NCCL:ncclAllGather
242300058918,242300107592,48674,0,48674,NCCL:ncclAllGather,1114945,1114945,1,0,108892,108165.0,:108165:108892,--NCCL:ncclAllGather
242314638153,242314691436,53283,0,53283,NCCL:ncclAllGather,1114945,1114945,1,0,108938,108165.0,:108165:108938,--NCCL:ncclAllGather
242328585556,242328590546,4990,0,4990,NCCL:ncclSend,1114945,1114945,1,0,108989,108165.0,:108165:108989,--NCCL:ncclSend
243093585937,243093597540,11603,0,11603,NCCL:ncclSend,1114945,1114945,1,0,109687,108165.0,:108165:109687,--NCCL:ncclSend
243093680180,243093684067,3887,0,3887,NCCL:ncclRecv,1114945,1114945,1,0,109690,108165.0,:108165:109690,--NCCL:ncclRecv
247420026948,247420034372,7424,0,7424,NCCL:ncclSend,1114945,1114945,1,0,111643,108165.0,:108165:111643,--NCCL:ncclSend
247420091914,247420093026,1112,0,1112,NCCL:ncclRecv,1114945,1114945,1,0,111650,108165.0,:108165:111650,--NCCL:ncclRecv
249427547433,249427554096,6663,0,6663,NCCL:ncclSend,1114945,1114945,1,0,113633,108165.0,:108165:113633,--NCCL:ncclSend
249427613110,249427614162,1052,0,1052,NCCL:ncclRecv,1114945,1114945,1,0,113640,108165.0,:108165:113640,--NCCL:ncclRecv
250996321583,250996329338,7755,0,7755,NCCL:ncclRecv,1114945,1114945,1,0,114838,108165.0,:108165:114838,--NCCL:ncclRecv
256185095569,256185162949,67380,0,67380,NCCL:ncclReduceScatter,1114945,1114945,1,0,116063,108165.0,:108165:116063,--NCCL:ncclReduceScatter
256187667711,256187715103,47392,0,47392,NCCL:ncclReduceScatter,1114945,1114945,1,0,116076,108165.0,:108165:116076,--NCCL:ncclReduceScatter
256189882503,256189921628,39125,0,39125,NCCL:ncclReduceScatter,1114945,1114945,1,0,116089,108165.0,:108165:116089,--NCCL:ncclReduceScatter
256191904191,256191934780,30589,0,30589,NCCL:ncclReduceScatter,1114945,1114945,1,0,116098,108165.0,:108165:116098,--NCCL:ncclReduceScatter
256193818361,256193849552,31191,0,31191,NCCL:ncclReduceScatter,1114945,1114945,1,0,116104,108165.0,:108165:116104,--NCCL:ncclReduceScatter
256195856181,256195886871,30690,0,30690,NCCL:ncclReduceScatter,1114945,1114945,1,0,116108,108165.0,:108165:116108,--NCCL:ncclReduceScatter
256197762226,256197795911,33685,0,33685,NCCL:ncclReduceScatter,1114945,1114945,1,0,116121,108165.0,:108165:116121,--NCCL:ncclReduceScatter
256199753375,256199783133,29758,0,29758,NCCL:ncclReduceScatter,1114945,1114945,1,0,116132,108165.0,:108165:116132,--NCCL:ncclReduceScatter
256201695089,256201726990,31901,0,31901,NCCL:ncclReduceScatter,1114945,1114945,1,0,116144,108165.0,:108165:116144,--NCCL:ncclReduceScatter
256203737808,256203769058,31250,0,31250,NCCL:ncclReduceScatter,1114945,1114945,1,0,116155,108165.0,:108165:116155,--NCCL:ncclReduceScatter
256205648211,256205681395,33184,0,33184,NCCL:ncclReduceScatter,1114945,1114945,1,0,116167,108165.0,:108165:116167,--NCCL:ncclReduceScatter
256207733442,256207762078,28636,0,28636,NCCL:ncclReduceScatter,1114945,1114945,1,0,116180,108165.0,:108165:116180,--NCCL:ncclReduceScatter
256209459299,256209486561,27262,0,27262,NCCL:ncclReduceScatter,1114945,1114945,1,0,116191,108165.0,:108165:116191,--NCCL:ncclReduceScatter
256211116242,256211143915,27673,0,27673,NCCL:ncclReduceScatter,1114945,1114945,1,0,116202,108165.0,:108165:116202,--NCCL:ncclReduceScatter
256212828472,256212856657,28185,0,28185,NCCL:ncclReduceScatter,1114945,1114945,1,0,116214,108165.0,:108165:116214,--NCCL:ncclReduceScatter
256214532436,256214561041,28605,0,28605,NCCL:ncclReduceScatter,1114945,1114945,1,0,116220,108165.0,:108165:116220,--NCCL:ncclReduceScatter
256216245297,256216275536,30239,0,30239,NCCL:ncclReduceScatter,1114945,1114945,1,0,116226,108165.0,:108165:116226,--NCCL:ncclReduceScatter
259145305887,259145356685,50798,0,50798,NCCL:ncclAllGather,1114945,1114945,1,0,116415,116411.0,:116411:116415,--NCCL:ncclAllGather
259148078187,259148114517,36330,0,36330,NCCL:ncclAllGather,1114945,1114945,1,0,116428,116411.0,:116411:116428,--NCCL:ncclAllGather
259163721068,259163757789,36721,0,36721,NCCL:ncclAllGather,1114945,1114945,1,0,116480,116411.0,:116411:116480,--NCCL:ncclAllGather
259178913538,259178949357,35819,0,35819,NCCL:ncclAllGather,1114945,1114945,1,0,116532,116411.0,:116411:116532,--NCCL:ncclAllGather
259194359819,259194407691,47872,0,47872,NCCL:ncclAllGather,1114945,1114945,1,0,116584,116411.0,:116411:116584,--NCCL:ncclAllGather
259209659747,259209705535,45788,0,45788,NCCL:ncclAllGather,1114945,1114945,1,0,116636,116411.0,:116411:116636,--NCCL:ncclAllGather
259225315031,259225358325,43294,0,43294,NCCL:ncclAllGather,1114945,1114945,1,0,116687,116411.0,:116411:116687,--NCCL:ncclAllGather
259241259355,259241300705,41350,0,41350,NCCL:ncclAllGather,1114945,1114945,1,0,116739,116411.0,:116411:116739,--NCCL:ncclAllGather
259257298843,259257343990,45147,0,45147,NCCL:ncclAllGather,1114945,1114945,1,0,116791,116411.0,:116411:116791,--NCCL:ncclAllGather
259273294856,259273334783,39927,0,39927,NCCL:ncclAllGather,1114945,1114945,1,0,116843,116411.0,:116411:116843,--NCCL:ncclAllGather
259289207088,259289245291,38203,0,38203,NCCL:ncclAllGather,1114945,1114945,1,0,116902,116411.0,:116411:116902,--NCCL:ncclAllGather
259304788460,259304841101,52641,0,52641,NCCL:ncclAllGather,1114945,1114945,1,0,116957,116411.0,:116411:116957,--NCCL:ncclAllGather
259321433738,259321496820,63082,0,63082,NCCL:ncclAllGather,1114945,1114945,1,0,117021,116411.0,:116411:117021,--NCCL:ncclAllGather
259337747676,259337793415,45739,0,45739,NCCL:ncclAllGather,1114945,1114945,1,0,117074,116411.0,:116411:117074,--NCCL:ncclAllGather
259353418632,259353472536,53904,0,53904,NCCL:ncclAllGather,1114945,1114945,1,0,117137,116411.0,:116411:117137,--NCCL:ncclAllGather
259368767274,259368818102,50828,0,50828,NCCL:ncclAllGather,1114945,1114945,1,0,117189,116411.0,:116411:117189,--NCCL:ncclAllGather
259383858057,259383896261,38204,0,38204,NCCL:ncclAllGather,1114945,1114945,1,0,117244,116411.0,:116411:117244,--NCCL:ncclAllGather
259399754669,259399776681,22012,0,22012,NCCL:ncclSend,1114945,1114945,1,0,117295,116411.0,:116411:117295,--NCCL:ncclSend
260064764759,260064777373,12614,0,12614,NCCL:ncclSend,1114945,1114945,1,0,117927,116411.0,:116411:117927,--NCCL:ncclSend
260064884480,260064886875,2395,0,2395,NCCL:ncclRecv,1114945,1114945,1,0,117930,116411.0,:116411:117930,--NCCL:ncclRecv
264420687954,264420694196,6242,0,6242,NCCL:ncclSend,1114945,1114945,1,0,119883,116411.0,:116411:119883,--NCCL:ncclSend
264420754062,264420755605,1543,0,1543,NCCL:ncclRecv,1114945,1114945,1,0,119890,116411.0,:116411:119890,--NCCL:ncclRecv
266408941022,266408946873,5851,0,5851,NCCL:ncclSend,1114945,1114945,1,0,121870,116411.0,:116411:121870,--NCCL:ncclSend
266409013372,266409014394,1022,0,1022,NCCL:ncclRecv,1114945,1114945,1,0,121875,116411.0,:116411:121875,--NCCL:ncclRecv
267992812748,267992820794,8046,0,8046,NCCL:ncclRecv,1114945,1114945,1,0,123083,116411.0,:116411:123083,--NCCL:ncclRecv
273005340845,273005418214,77369,0,77369,NCCL:ncclReduceScatter,1114945,1114945,1,0,124272,116411.0,:116411:124272,--NCCL:ncclReduceScatter
273007525518,273007564323,38805,0,38805,NCCL:ncclReduceScatter,1114945,1114945,1,0,124284,116411.0,:116411:124284,--NCCL:ncclReduceScatter
273009613755,273009645987,32232,0,32232,NCCL:ncclReduceScatter,1114945,1114945,1,0,124296,116411.0,:116411:124296,--NCCL:ncclReduceScatter
273011655632,273011687384,31752,0,31752,NCCL:ncclReduceScatter,1114945,1114945,1,0,124307,116411.0,:116411:124307,--NCCL:ncclReduceScatter
273013604710,273013640229,35519,0,35519,NCCL:ncclReduceScatter,1114945,1114945,1,0,124318,116411.0,:116411:124318,--NCCL:ncclReduceScatter
273015463103,273015517679,54576,0,54576,NCCL:ncclReduceScatter,1114945,1114945,1,0,124328,116411.0,:116411:124328,--NCCL:ncclReduceScatter
273017405909,273017438141,32232,0,32232,NCCL:ncclReduceScatter,1114945,1114945,1,0,124340,116411.0,:116411:124340,--NCCL:ncclReduceScatter
273023991400,273024034633,43233,0,43233,NCCL:ncclReduceScatter,1114945,1114945,1,0,124357,116411.0,:116411:124357,--NCCL:ncclReduceScatter
273025937422,273025969384,31962,0,31962,NCCL:ncclReduceScatter,1114945,1114945,1,0,124369,116411.0,:116411:124369,--NCCL:ncclReduceScatter
273027850150,273027881851,31701,0,31701,NCCL:ncclReduceScatter,1114945,1114945,1,0,124379,116411.0,:116411:124379,--NCCL:ncclReduceScatter
273029756074,273029790290,34216,0,34216,NCCL:ncclReduceScatter,1114945,1114945,1,0,124390,116411.0,:116411:124390,--NCCL:ncclReduceScatter
273031730451,273031762072,31621,0,31621,NCCL:ncclReduceScatter,1114945,1114945,1,0,124401,116411.0,:116411:124401,--NCCL:ncclReduceScatter
273033606578,273033637388,30810,0,30810,NCCL:ncclReduceScatter,1114945,1114945,1,0,124413,116411.0,:116411:124413,--NCCL:ncclReduceScatter
273035423691,273035456695,33004,0,33004,NCCL:ncclReduceScatter,1114945,1114945,1,0,124425,116411.0,:116411:124425,--NCCL:ncclReduceScatter
273037113708,273037147022,33314,0,33314,NCCL:ncclReduceScatter,1114945,1114945,1,0,124435,116411.0,:116411:124435,--NCCL:ncclReduceScatter
273038805829,273038837100,31271,0,31271,NCCL:ncclReduceScatter,1114945,1114945,1,0,124446,116411.0,:116411:124446,--NCCL:ncclReduceScatter
273040473243,273040504052,30809,0,30809,NCCL:ncclReduceScatter,1114945,1114945,1,0,124458,116411.0,:116411:124458,--NCCL:ncclReduceScatter
275883186656,275883243235,56579,0,56579,NCCL:ncclAllGather,1114945,1114945,1,0,124625,124624.0,:124624:124625,--NCCL:ncclAllGather
275886034351,275886075921,41570,0,41570,NCCL:ncclAllGather,1114945,1114945,1,0,124638,124624.0,:124624:124638,--NCCL:ncclAllGather
275901292889,275901334159,41270,0,41270,NCCL:ncclAllGather,1114945,1114945,1,0,124699,124624.0,:124624:124699,--NCCL:ncclAllGather
275915964883,275916004900,40017,0,40017,NCCL:ncclAllGather,1114945,1114945,1,0,124751,124624.0,:124624:124751,--NCCL:ncclAllGather
275930890497,275930928761,38264,0,38264,NCCL:ncclAllGather,1114945,1114945,1,0,124803,124624.0,:124624:124803,--NCCL:ncclAllGather
275945704746,275945746487,41741,0,41741,NCCL:ncclAllGather,1114945,1114945,1,0,124858,124624.0,:124624:124858,--NCCL:ncclAllGather
275960379415,275960420625,41210,0,41210,NCCL:ncclAllGather,1114945,1114945,1,0,124910,124624.0,:124624:124910,--NCCL:ncclAllGather
275975280552,275975317093,36541,0,36541,NCCL:ncclAllGather,1114945,1114945,1,0,124963,124624.0,:124624:124963,--NCCL:ncclAllGather
275990007863,275990050265,42402,0,42402,NCCL:ncclAllGather,1114945,1114945,1,0,125015,124624.0,:124624:125015,--NCCL:ncclAllGather
276004899271,276004937846,38575,0,38575,NCCL:ncclAllGather,1114945,1114945,1,0,125067,124624.0,:124624:125067,--NCCL:ncclAllGather
276019764609,276019812642,48033,0,48033,NCCL:ncclAllGather,1114945,1114945,1,0,125119,124624.0,:124624:125119,--NCCL:ncclAllGather
276034677218,276034714811,37593,0,37593,NCCL:ncclAllGather,1114945,1114945,1,0,125174,124624.0,:124624:125174,--NCCL:ncclAllGather
276051746196,276051803316,57120,0,57120,NCCL:ncclAllGather,1114945,1114945,1,0,125226,124624.0,:124624:125226,--NCCL:ncclAllGather
276067325805,276067367986,42181,0,42181,NCCL:ncclAllGather,1114945,1114945,1,0,125288,124624.0,:124624:125288,--NCCL:ncclAllGather
276081851245,276081891403,40158,0,40158,NCCL:ncclAllGather,1114945,1114945,1,0,125350,124624.0,:124624:125350,--NCCL:ncclAllGather
276096145930,276096192980,47050,0,47050,NCCL:ncclAllGather,1114945,1114945,1,0,125402,124624.0,:124624:125402,--NCCL:ncclAllGather
276111662336,276111716931,54595,0,54595,NCCL:ncclAllGather,1114945,1114945,1,0,125460,124624.0,:124624:125460,--NCCL:ncclAllGather
276127706833,276127715921,9088,0,9088,NCCL:ncclSend,1114945,1114945,1,0,125511,124624.0,:124624:125511,--NCCL:ncclSend
276816329862,276816339109,9247,0,9247,NCCL:ncclSend,1114945,1114945,1,0,126167,124624.0,:124624:126167,--NCCL:ncclSend
276816417972,276816419445,1473,0,1473,NCCL:ncclRecv,1114945,1114945,1,0,126170,124624.0,:124624:126170,--NCCL:ncclRecv
281174538255,281174545910,7655,0,7655,NCCL:ncclSend,1114945,1114945,1,0,128123,124624.0,:124624:128123,--NCCL:ncclSend
281174609473,281174610935,1462,0,1462,NCCL:ncclRecv,1114945,1114945,1,0,128129,124624.0,:124624:128129,--NCCL:ncclRecv
283164202681,283164209665,6984,0,6984,NCCL:ncclSend,1114945,1114945,1,0,130111,124624.0,:124624:130111,--NCCL:ncclSend
283164280612,283164281894,1282,0,1282,NCCL:ncclRecv,1114945,1114945,1,0,130124,124624.0,:124624:130124,--NCCL:ncclRecv
284741585453,284741593729,8276,0,8276,NCCL:ncclRecv,1114945,1114945,1,0,131319,124624.0,:124624:131319,--NCCL:ncclRecv
289651513032,289651595050,82018,0,82018,NCCL:ncclReduceScatter,1114945,1114945,1,0,132512,124624.0,:124624:132512,--NCCL:ncclReduceScatter
289653871461,289653917130,45669,0,45669,NCCL:ncclReduceScatter,1114945,1114945,1,0,132524,124624.0,:124624:132524,--NCCL:ncclReduceScatter
289656469624,289656512727,43103,0,43103,NCCL:ncclReduceScatter,1114945,1114945,1,0,132536,124624.0,:124624:132536,--NCCL:ncclReduceScatter
289658981490,289659028140,46650,0,46650,NCCL:ncclReduceScatter,1114945,1114945,1,0,132551,124624.0,:124624:132551,--NCCL:ncclReduceScatter
289661322616,289661361611,38995,0,38995,NCCL:ncclReduceScatter,1114945,1114945,1,0,132563,124624.0,:124624:132563,--NCCL:ncclReduceScatter
289663608855,289663647190,38335,0,38335,NCCL:ncclReduceScatter,1114945,1114945,1,0,132578,124624.0,:124624:132578,--NCCL:ncclReduceScatter
289666035046,289666076927,41881,0,41881,NCCL:ncclReduceScatter,1114945,1114945,1,0,132587,124624.0,:124624:132587,--NCCL:ncclReduceScatter
289669968310,289670007285,38975,0,38975,NCCL:ncclReduceScatter,1114945,1114945,1,0,132599,124624.0,:124624:132599,--NCCL:ncclReduceScatter
289672274017,289672311129,37112,0,37112,NCCL:ncclReduceScatter,1114945,1114945,1,0,132615,124624.0,:124624:132615,--NCCL:ncclReduceScatter
289675139116,289675176718,37602,0,37602,NCCL:ncclReduceScatter,1114945,1114945,1,0,132629,124624.0,:124624:132629,--NCCL:ncclReduceScatter
289677411819,289677449242,37423,0,37423,NCCL:ncclReduceScatter,1114945,1114945,1,0,132643,124624.0,:124624:132643,--NCCL:ncclReduceScatter
289679715453,289679753456,38003,0,38003,NCCL:ncclReduceScatter,1114945,1114945,1,0,132657,124624.0,:124624:132657,--NCCL:ncclReduceScatter
289681939082,289681974791,35709,0,35709,NCCL:ncclReduceScatter,1114945,1114945,1,0,132670,124624.0,:124624:132670,--NCCL:ncclReduceScatter
289684098346,289684137582,39236,0,39236,NCCL:ncclReduceScatter,1114945,1114945,1,0,132684,124624.0,:124624:132684,--NCCL:ncclReduceScatter
289686216721,289686253552,36831,0,36831,NCCL:ncclReduceScatter,1114945,1114945,1,0,132695,124624.0,:124624:132695,--NCCL:ncclReduceScatter
289688258388,289688294628,36240,0,36240,NCCL:ncclReduceScatter,1114945,1114945,1,0,132701,124624.0,:124624:132701,--NCCL:ncclReduceScatter
289690471336,289690508027,36691,0,36691,NCCL:ncclReduceScatter,1114945,1114945,1,0,132707,124624.0,:124624:132707,--NCCL:ncclReduceScatter
292591627081,292591676516,49435,0,49435,NCCL:ncclAllGather,1114945,1114945,1,0,132865,132864.0,:132864:132865,--NCCL:ncclAllGather
292594502269,292594539952,37683,0,37683,NCCL:ncclAllGather,1114945,1114945,1,0,132878,132864.0,:132864:132878,--NCCL:ncclAllGather
292609638490,292609678026,39536,0,39536,NCCL:ncclAllGather,1114945,1114945,1,0,132939,132864.0,:132864:132939,--NCCL:ncclAllGather
292623812221,292623850044,37823,0,37823,NCCL:ncclAllGather,1114945,1114945,1,0,132991,132864.0,:132864:132991,--NCCL:ncclAllGather
292638181379,292638216818,35439,0,35439,NCCL:ncclAllGather,1114945,1114945,1,0,133040,132864.0,:132864:133040,--NCCL:ncclAllGather
292652597549,292652647936,50387,0,50387,NCCL:ncclAllGather,1114945,1114945,1,0,133089,132864.0,:132864:133089,--NCCL:ncclAllGather
292667298318,292667337013,38695,0,38695,NCCL:ncclAllGather,1114945,1114945,1,0,133144,132864.0,:132864:133144,--NCCL:ncclAllGather
292688491118,292688552908,61790,0,61790,NCCL:ncclAllGather,1114945,1114945,1,0,133214,132864.0,:132864:133214,--NCCL:ncclAllGather
292709853085,292709917430,64345,0,64345,NCCL:ncclAllGather,1114945,1114945,1,0,133281,132864.0,:132864:133281,--NCCL:ncclAllGather
292731036437,292731095902,59465,0,59465,NCCL:ncclAllGather,1114945,1114945,1,0,133356,132864.0,:132864:133356,--NCCL:ncclAllGather
292748025821,292748062271,36450,0,36450,NCCL:ncclAllGather,1114945,1114945,1,0,133412,132864.0,:132864:133412,--NCCL:ncclAllGather
292761918859,292761963525,44666,0,44666,NCCL:ncclAllGather,1114945,1114945,1,0,133464,132864.0,:132864:133464,--NCCL:ncclAllGather
292777194189,292777245619,51430,0,51430,NCCL:ncclAllGather,1114945,1114945,1,0,133520,132864.0,:132864:133520,--NCCL:ncclAllGather
292794744478,292794801528,57050,0,57050,NCCL:ncclAllGather,1114945,1114945,1,0,133583,132864.0,:132864:133583,--NCCL:ncclAllGather
292812076194,292812139175,62981,0,62981,NCCL:ncclAllGather,1114945,1114945,1,0,133644,132864.0,:132864:133644,--NCCL:ncclAllGather
292829975326,292830047606,72280,0,72280,NCCL:ncclAllGather,1114945,1114945,1,0,133705,132864.0,:132864:133705,--NCCL:ncclAllGather
292849885747,292849953388,67641,0,67641,NCCL:ncclAllGather,1114945,1114945,1,0,133763,132864.0,:132864:133763,--NCCL:ncclAllGather
292869668922,292869680013,11091,0,11091,NCCL:ncclSend,1114945,1114945,1,0,133826,132864.0,:132864:133826,--NCCL:ncclSend
293469239233,293469251377,12144,0,12144,NCCL:ncclSend,1114945,1114945,1,0,134407,132864.0,:132864:134407,--NCCL:ncclSend
293469343765,293469346811,3046,0,3046,NCCL:ncclRecv,1114945,1114945,1,0,134410,132864.0,:132864:134410,--NCCL:ncclRecv
297796730334,297796737177,6843,0,6843,NCCL:ncclSend,1114945,1114945,1,0,136363,132864.0,:132864:136363,--NCCL:ncclSend
297796801101,297796802413,1312,0,1312,NCCL:ncclRecv,1114945,1114945,1,0,136370,132864.0,:132864:136370,--NCCL:ncclRecv
299782351313,299782359900,8587,0,8587,NCCL:ncclSend,1114945,1114945,1,0,138350,132864.0,:132864:138350,--NCCL:ncclSend
299782419134,299782420006,872,0,872,NCCL:ncclRecv,1114945,1114945,1,0,138355,132864.0,:132864:138355,--NCCL:ncclRecv
301341868948,301341877495,8547,0,8547,NCCL:ncclRecv,1114945,1114945,1,0,139564,132864.0,:132864:139564,--NCCL:ncclRecv
306130903035,306130967911,64876,0,64876,NCCL:ncclReduceScatter,1114945,1114945,1,0,140754,132864.0,:132864:140754,--NCCL:ncclReduceScatter
306133055476,306133094732,39256,0,39256,NCCL:ncclReduceScatter,1114945,1114945,1,0,140766,132864.0,:132864:140766,--NCCL:ncclReduceScatter
306135074981,306135109156,34175,0,34175,NCCL:ncclReduceScatter,1114945,1114945,1,0,140778,132864.0,:132864:140778,--NCCL:ncclReduceScatter
306136882685,306136908926,26241,0,26241,NCCL:ncclReduceScatter,1114945,1114945,1,0,140789,132864.0,:132864:140789,--NCCL:ncclReduceScatter
306138730548,306138771476,40928,0,40928,NCCL:ncclReduceScatter,1114945,1114945,1,0,140800,132864.0,:132864:140800,--NCCL:ncclReduceScatter
306140666851,306140708982,42131,0,42131,NCCL:ncclReduceScatter,1114945,1114945,1,0,140811,132864.0,:132864:140811,--NCCL:ncclReduceScatter
306142591321,306142622060,30739,0,30739,NCCL:ncclReduceScatter,1114945,1114945,1,0,140823,132864.0,:132864:140823,--NCCL:ncclReduceScatter
306148675052,306148707996,32944,0,32944,NCCL:ncclReduceScatter,1114945,1114945,1,0,140838,132864.0,:132864:140838,--NCCL:ncclReduceScatter
306150705888,306150738602,32714,0,32714,NCCL:ncclReduceScatter,1114945,1114945,1,0,140850,132864.0,:132864:140850,--NCCL:ncclReduceScatter
306152576725,306152608346,31621,0,31621,NCCL:ncclReduceScatter,1114945,1114945,1,0,140860,132864.0,:132864:140860,--NCCL:ncclReduceScatter
306154521635,306154553005,31370,0,31370,NCCL:ncclReduceScatter,1114945,1114945,1,0,140871,132864.0,:132864:140871,--NCCL:ncclReduceScatter
306156448209,306156478458,30249,0,30249,NCCL:ncclReduceScatter,1114945,1114945,1,0,140883,132864.0,:132864:140883,--NCCL:ncclReduceScatter
306158299418,306158333805,34387,0,34387,NCCL:ncclReduceScatter,1114945,1114945,1,0,140894,132864.0,:132864:140894,--NCCL:ncclReduceScatter
306160097975,306160127662,29687,0,29687,NCCL:ncclReduceScatter,1114945,1114945,1,0,140906,132864.0,:132864:140906,--NCCL:ncclReduceScatter
306161791589,306161821808,30219,0,30219,NCCL:ncclReduceScatter,1114945,1114945,1,0,140916,132864.0,:132864:140916,--NCCL:ncclReduceScatter
306163473551,306163500212,26661,0,26661,NCCL:ncclReduceScatter,1114945,1114945,1,0,140927,132864.0,:132864:140927,--NCCL:ncclReduceScatter
306165014239,306165040570,26331,0,26331,NCCL:ncclReduceScatter,1114945,1114945,1,0,140939,132864.0,:132864:140939,--NCCL:ncclReduceScatter
308997256930,308997313169,56239,0,56239,NCCL:ncclAllGather,1114945,1114945,1,0,141078,141077.0,:141077:141078,--NCCL:ncclAllGather
309000082433,309000126688,44255,0,44255,NCCL:ncclAllGather,1114945,1114945,1,0,141094,141077.0,:141077:141094,--NCCL:ncclAllGather
309015757766,309015800669,42903,0,42903,NCCL:ncclAllGather,1114945,1114945,1,0,141148,141077.0,:141077:141148,--NCCL:ncclAllGather
309030001923,309030041901,39978,0,39978,NCCL:ncclAllGather,1114945,1114945,1,0,141200,141077.0,:141077:141200,--NCCL:ncclAllGather
309044040613,309044082344,41731,0,41731,NCCL:ncclAllGather,1114945,1114945,1,0,141247,141077.0,:141077:141247,--NCCL:ncclAllGather
309057882622,309057919333,36711,0,36711,NCCL:ncclAllGather,1114945,1114945,1,0,141296,141077.0,:141077:141296,--NCCL:ncclAllGather
309071887817,309071926773,38956,0,38956,NCCL:ncclAllGather,1114945,1114945,1,0,141342,141077.0,:141077:141342,--NCCL:ncclAllGather
309085830621,309085883113,52492,0,52492,NCCL:ncclAllGather,1114945,1114945,1,0,141394,141077.0,:141077:141394,--NCCL:ncclAllGather
309099820727,309099857177,36450,0,36450,NCCL:ncclAllGather,1114945,1114945,1,0,141443,141077.0,:141077:141443,--NCCL:ncclAllGather
309113704177,309113739795,35618,0,35618,NCCL:ncclAllGather,1114945,1114945,1,0,141492,141077.0,:141077:141492,--NCCL:ncclAllGather
309127631842,309127670036,38194,0,38194,NCCL:ncclAllGather,1114945,1114945,1,0,141537,141077.0,:141077:141537,--NCCL:ncclAllGather
309141518237,309141557853,39616,0,39616,NCCL:ncclAllGather,1114945,1114945,1,0,141586,141077.0,:141077:141586,--NCCL:ncclAllGather
309155692970,309155751062,58092,0,58092,NCCL:ncclAllGather,1114945,1114945,1,0,141638,141077.0,:141077:141638,--NCCL:ncclAllGather
309170734829,309170770287,35458,0,35458,NCCL:ncclAllGather,1114945,1114945,1,0,141684,141077.0,:141077:141684,--NCCL:ncclAllGather
309185673308,309185719257,45949,0,45949,NCCL:ncclAllGather,1114945,1114945,1,0,141747,141077.0,:141077:141747,--NCCL:ncclAllGather
309202258981,309202311683,52702,0,52702,NCCL:ncclAllGather,1114945,1114945,1,0,141806,141077.0,:141077:141806,--NCCL:ncclAllGather
309219245860,309219309934,64074,0,64074,NCCL:ncclAllGather,1114945,1114945,1,0,141868,141077.0,:141077:141868,--NCCL:ncclAllGather
309237512724,309237523775,11051,0,11051,NCCL:ncclSend,1114945,1114945,1,0,141928,141077.0,:141077:141928,--NCCL:ncclSend
309877864103,309877873201,9098,0,9098,NCCL:ncclSend,1114945,1114945,1,0,142636,141077.0,:141077:142636,--NCCL:ncclSend
309877951432,309877953666,2234,0,2234,NCCL:ncclRecv,1114945,1114945,1,0,142639,141077.0,:141077:142639,--NCCL:ncclRecv
314249362489,314249369673,7184,0,7184,NCCL:ncclSend,1114945,1114945,1,0,144604,141077.0,:141077:144604,--NCCL:ncclSend
314249433015,314249434809,1794,0,1794,NCCL:ncclRecv,1114945,1114945,1,0,144614,141077.0,:141077:144614,--NCCL:ncclRecv
316238501529,316238507020,5491,0,5491,NCCL:ncclSend,1114945,1114945,1,0,146600,141077.0,:141077:146600,--NCCL:ncclSend
316238560944,316238562888,1944,0,1944,NCCL:ncclRecv,1114945,1114945,1,0,146609,141077.0,:141077:146609,--NCCL:ncclRecv
317799108400,317799116947,8547,0,8547,NCCL:ncclRecv,1114945,1114945,1,0,147800,141077.0,:141077:147800,--NCCL:ncclRecv
322855625967,322855728956,102989,0,102989,NCCL:ncclReduceScatter,1114945,1114945,1,0,148995,141077.0,:141077:148995,--NCCL:ncclReduceScatter
322858225733,322858273896,48163,0,48163,NCCL:ncclReduceScatter,1114945,1114945,1,0,149009,141077.0,:141077:149009,--NCCL:ncclReduceScatter
322860892899,322860957194,64295,0,64295,NCCL:ncclReduceScatter,1114945,1114945,1,0,149022,141077.0,:141077:149022,--NCCL:ncclReduceScatter
322863457617,322863497725,40108,0,40108,NCCL:ncclReduceScatter,1114945,1114945,1,0,149037,141077.0,:141077:149037,--NCCL:ncclReduceScatter
322865891262,322865935017,43755,0,43755,NCCL:ncclReduceScatter,1114945,1114945,1,0,149051,141077.0,:141077:149051,--NCCL:ncclReduceScatter
322868296391,322868337751,41360,0,41360,NCCL:ncclReduceScatter,1114945,1114945,1,0,149065,141077.0,:141077:149065,--NCCL:ncclReduceScatter
322870686452,322870730197,43745,0,43745,NCCL:ncclReduceScatter,1114945,1114945,1,0,149070,141077.0,:141077:149070,--NCCL:ncclReduceScatter
322874101955,322874143515,41560,0,41560,NCCL:ncclReduceScatter,1114945,1114945,1,0,149079,141077.0,:141077:149079,--NCCL:ncclReduceScatter
322876738282,322876778028,39746,0,39746,NCCL:ncclReduceScatter,1114945,1114945,1,0,149094,141077.0,:141077:149094,--NCCL:ncclReduceScatter
322879317457,322879358707,41250,0,41250,NCCL:ncclReduceScatter,1114945,1114945,1,0,149109,141077.0,:141077:149109,--NCCL:ncclReduceScatter
322881993531,322882039289,45758,0,45758,NCCL:ncclReduceScatter,1114945,1114945,1,0,149122,141077.0,:141077:149122,--NCCL:ncclReduceScatter
322884764929,322884814575,49646,0,49646,NCCL:ncclReduceScatter,1114945,1114945,1,0,149137,141077.0,:141077:149137,--NCCL:ncclReduceScatter
322887317393,322887356699,39306,0,39306,NCCL:ncclReduceScatter,1114945,1114945,1,0,149154,141077.0,:141077:149154,--NCCL:ncclReduceScatter
322889557393,322889596810,39417,0,39417,NCCL:ncclReduceScatter,1114945,1114945,1,0,149169,141077.0,:141077:149169,--NCCL:ncclReduceScatter
322891767035,322891805620,38585,0,38585,NCCL:ncclReduceScatter,1114945,1114945,1,0,149181,141077.0,:141077:149181,--NCCL:ncclReduceScatter
322894139672,322894180391,40719,0,40719,NCCL:ncclReduceScatter,1114945,1114945,1,0,149184,141077.0,:141077:149184,--NCCL:ncclReduceScatter
322896598165,322896654714,56549,0,56549,NCCL:ncclReduceScatter,1114945,1114945,1,0,149187,141077.0,:141077:149187,--NCCL:ncclReduceScatter
325767560579,325767613060,52481,0,52481,NCCL:ncclAllGather,1114945,1114945,1,0,149354,149353.0,:149353:149354,--NCCL:ncclAllGather
325770448672,325770486355,37683,0,37683,NCCL:ncclAllGather,1114945,1114945,1,0,149371,149353.0,:149353:149371,--NCCL:ncclAllGather
325786656445,325786696933,40488,0,40488,NCCL:ncclAllGather,1114945,1114945,1,0,149426,149353.0,:149353:149426,--NCCL:ncclAllGather
325801756426,325801817475,61049,0,61049,NCCL:ncclAllGather,1114945,1114945,1,0,149478,149353.0,:149353:149478,--NCCL:ncclAllGather
325816725535,325816764861,39326,0,39326,NCCL:ncclAllGather,1114945,1114945,1,0,149531,149353.0,:149353:149531,--NCCL:ncclAllGather
325831421946,325831461212,39266,0,39266,NCCL:ncclAllGather,1114945,1114945,1,0,149582,149353.0,:149353:149582,--NCCL:ncclAllGather
325846495576,325846533861,38285,0,38285,NCCL:ncclAllGather,1114945,1114945,1,0,149634,149353.0,:149353:149634,--NCCL:ncclAllGather
325861333251,325861382225,48974,0,48974,NCCL:ncclAllGather,1114945,1114945,1,0,149686,149353.0,:149353:149686,--NCCL:ncclAllGather
325876125287,325876169212,43925,0,43925,NCCL:ncclAllGather,1114945,1114945,1,0,149742,149353.0,:149353:149742,--NCCL:ncclAllGather
325890856655,325890908977,52322,0,52322,NCCL:ncclAllGather,1114945,1114945,1,0,149791,149353.0,:149353:149791,--NCCL:ncclAllGather
325905825132,325905864900,39768,0,39768,NCCL:ncclAllGather,1114945,1114945,1,0,149849,149353.0,:149353:149849,--NCCL:ncclAllGather
325921585451,325921661287,75836,0,75836,NCCL:ncclAllGather,1114945,1114945,1,0,149899,149353.0,:149353:149899,--NCCL:ncclAllGather
325937504806,325937541326,36520,0,36520,NCCL:ncclAllGather,1114945,1114945,1,0,149951,149353.0,:149353:149951,--NCCL:ncclAllGather
325952170598,325952208341,37743,0,37743,NCCL:ncclAllGather,1114945,1114945,1,0,150024,149353.0,:149353:150024,--NCCL:ncclAllGather
325966877790,325966921434,43644,0,43644,NCCL:ncclAllGather,1114945,1114945,1,0,150073,149353.0,:149353:150073,--NCCL:ncclAllGather
325982227925,325982283071,55146,0,55146,NCCL:ncclAllGather,1114945,1114945,1,0,150131,149353.0,:149353:150131,--NCCL:ncclAllGather
325999472983,325999537417,64434,0,64434,NCCL:ncclAllGather,1114945,1114945,1,0,150180,149353.0,:149353:150180,--NCCL:ncclAllGather
326015809064,326015815647,6583,0,6583,NCCL:ncclSend,1114945,1114945,1,0,150231,149353.0,:149353:150231,--NCCL:ncclSend
326612624339,326612630722,6383,0,6383,NCCL:ncclSend,1114945,1114945,1,0,150858,149353.0,:149353:150858,--NCCL:ncclSend
326612683874,326612685187,1313,0,1313,NCCL:ncclRecv,1114945,1114945,1,0,150862,149353.0,:149353:150862,--NCCL:ncclRecv
331013200498,331013209345,8847,0,8847,NCCL:ncclSend,1114945,1114945,1,0,152850,149353.0,:149353:152850,--NCCL:ncclSend
331013271496,331013273319,1823,0,1823,NCCL:ncclRecv,1114945,1114945,1,0,152859,149353.0,:149353:152859,--NCCL:ncclRecv
332991377106,332991384220,7114,0,7114,NCCL:ncclSend,1114945,1114945,1,0,154830,149353.0,:149353:154830,--NCCL:ncclSend
332991445819,332991446751,932,0,932,NCCL:ncclRecv,1114945,1114945,1,0,154834,149353.0,:149353:154834,--NCCL:ncclRecv
334580733675,334580742973,9298,0,9298,NCCL:ncclRecv,1114945,1114945,1,0,156042,149353.0,:149353:156042,--NCCL:ncclRecv
339462251012,339462327520,76508,0,76508,NCCL:ncclReduceScatter,1114945,1114945,1,0,157236,149353.0,:149353:157236,--NCCL:ncclReduceScatter
339464417269,339464451455,34186,0,34186,NCCL:ncclReduceScatter,1114945,1114945,1,0,157245,149353.0,:149353:157245,--NCCL:ncclReduceScatter
339466492471,339466528481,36010,0,36010,NCCL:ncclReduceScatter,1114945,1114945,1,0,157256,149353.0,:149353:157256,--NCCL:ncclReduceScatter
339468353278,339468381123,27845,0,27845,NCCL:ncclReduceScatter,1114945,1114945,1,0,157265,149353.0,:149353:157265,--NCCL:ncclReduceScatter
339470381049,339470414153,33104,0,33104,NCCL:ncclReduceScatter,1114945,1114945,1,0,157275,149353.0,:149353:157275,--NCCL:ncclReduceScatter
339472462533,339472496999,34466,0,34466,NCCL:ncclReduceScatter,1114945,1114945,1,0,157286,149353.0,:149353:157286,--NCCL:ncclReduceScatter
339474464853,339474501063,36210,0,36210,NCCL:ncclReduceScatter,1114945,1114945,1,0,157296,149353.0,:149353:157296,--NCCL:ncclReduceScatter
339479740723,339479769078,28355,0,28355,NCCL:ncclReduceScatter,1114945,1114945,1,0,157312,149353.0,:149353:157312,--NCCL:ncclReduceScatter
339481586491,339481620797,34306,0,34306,NCCL:ncclReduceScatter,1114945,1114945,1,0,157321,149353.0,:149353:157321,--NCCL:ncclReduceScatter
339483484500,339483514027,29527,0,29527,NCCL:ncclReduceScatter,1114945,1114945,1,0,157333,149353.0,:149353:157333,--NCCL:ncclReduceScatter
339485299409,339485333956,34547,0,34547,NCCL:ncclReduceScatter,1114945,1114945,1,0,157342,149353.0,:149353:157342,--NCCL:ncclReduceScatter
339487229620,339487257935,28315,0,28315,NCCL:ncclReduceScatter,1114945,1114945,1,0,157352,149353.0,:149353:157352,--NCCL:ncclReduceScatter
339489064257,339489101760,37503,0,37503,NCCL:ncclReduceScatter,1114945,1114945,1,0,157363,149353.0,:149353:157363,--NCCL:ncclReduceScatter
339491073672,339491103570,29898,0,29898,NCCL:ncclReduceScatter,1114945,1114945,1,0,157373,149353.0,:149353:157373,--NCCL:ncclReduceScatter
339492731216,339492760232,29016,0,29016,NCCL:ncclReduceScatter,1114945,1114945,1,0,157384,149353.0,:149353:157384,--NCCL:ncclReduceScatter
339494531456,339494561915,30459,0,30459,NCCL:ncclReduceScatter,1114945,1114945,1,0,157394,149353.0,:149353:157394,--NCCL:ncclReduceScatter
339496220602,339496250680,30078,0,30078,NCCL:ncclReduceScatter,1114945,1114945,1,0,157404,149353.0,:149353:157404,--NCCL:ncclReduceScatter
342348279462,342348327665,48203,0,48203,NCCL:ncclAllGather,1114945,1114945,1,0,157543,157541.0,:157541:157543,--NCCL:ncclAllGather
342350930767,342350975484,44717,0,44717,NCCL:ncclAllGather,1114945,1114945,1,0,157550,157541.0,:157541:157550,--NCCL:ncclAllGather
342367045941,342367083905,37964,0,37964,NCCL:ncclAllGather,1114945,1114945,1,0,157602,157541.0,:157541:157602,--NCCL:ncclAllGather
342381832567,342381873686,41119,0,41119,NCCL:ncclAllGather,1114945,1114945,1,0,157657,157541.0,:157541:157657,--NCCL:ncclAllGather
342397061878,342397113368,51490,0,51490,NCCL:ncclAllGather,1114945,1114945,1,0,157709,157541.0,:157541:157709,--NCCL:ncclAllGather
342411904472,342411941724,37252,0,37252,NCCL:ncclAllGather,1114945,1114945,1,0,157760,157541.0,:157541:157760,--NCCL:ncclAllGather
342426489979,342426531980,42001,0,42001,NCCL:ncclAllGather,1114945,1114945,1,0,157812,157541.0,:157541:157812,--NCCL:ncclAllGather
342441436974,342441478144,41170,0,41170,NCCL:ncclAllGather,1114945,1114945,1,0,157867,157541.0,:157541:157867,--NCCL:ncclAllGather
342456208090,342456244510,36420,0,36420,NCCL:ncclAllGather,1114945,1114945,1,0,157916,157541.0,:157541:157916,--NCCL:ncclAllGather
342470917416,342470953766,36350,0,36350,NCCL:ncclAllGather,1114945,1114945,1,0,157968,157541.0,:157541:157968,--NCCL:ncclAllGather
342485549803,342485599079,49276,0,49276,NCCL:ncclAllGather,1114945,1114945,1,0,158017,157541.0,:157541:158017,--NCCL:ncclAllGather
342500106504,342500155920,49416,0,49416,NCCL:ncclAllGather,1114945,1114945,1,0,158069,157541.0,:157541:158069,--NCCL:ncclAllGather
342516191991,342516253009,61018,0,61018,NCCL:ncclAllGather,1114945,1114945,1,0,158121,157541.0,:157541:158121,--NCCL:ncclAllGather
342531338081,342531377127,39046,0,39046,NCCL:ncclAllGather,1114945,1114945,1,0,158173,157541.0,:157541:158173,--NCCL:ncclAllGather
342545720395,342545759691,39296,0,39296,NCCL:ncclAllGather,1114945,1114945,1,0,158236,157541.0,:157541:158236,--NCCL:ncclAllGather
342559942620,342559983689,41069,0,41069,NCCL:ncclAllGather,1114945,1114945,1,0,158289,157541.0,:157541:158289,--NCCL:ncclAllGather
342574964410,342575021280,56870,0,56870,NCCL:ncclAllGather,1114945,1114945,1,0,158341,157541.0,:157541:158341,--NCCL:ncclAllGather
342590783622,342590792469,8847,0,8847,NCCL:ncclSend,1114945,1114945,1,0,158396,157541.0,:157541:158396,--NCCL:ncclSend
343227033452,343227038231,4779,0,4779,NCCL:ncclSend,1114945,1114945,1,0,159110,157541.0,:157541:159110,--NCCL:ncclSend
343227093799,343227094790,991,0,991,NCCL:ncclRecv,1114945,1114945,1,0,159113,157541.0,:157541:159113,--NCCL:ncclRecv
347612917879,347612924903,7024,0,7024,NCCL:ncclSend,1114945,1114945,1,0,161089,157541.0,:157541:161089,--NCCL:ncclSend
347613012592,347613014275,1683,0,1683,NCCL:ncclRecv,1114945,1114945,1,0,161104,157541.0,:157541:161104,--NCCL:ncclRecv
349597443461,349597449222,5761,0,5761,NCCL:ncclSend,1114945,1114945,1,0,163082,157541.0,:157541:163082,--NCCL:ncclSend
349597503877,349597505470,1593,0,1593,NCCL:ncclRecv,1114945,1114945,1,0,163089,157541.0,:157541:163089,--NCCL:ncclRecv
351158149022,351158157047,8025,0,8025,NCCL:ncclRecv,1114945,1114945,1,0,164279,157541.0,:157541:164279,--NCCL:ncclRecv
356203569316,356203669940,100624,0,100624,NCCL:ncclReduceScatter,1114945,1114945,1,0,165472,157541.0,:157541:165472,--NCCL:ncclReduceScatter
356205673503,356205708952,35449,0,35449,NCCL:ncclReduceScatter,1114945,1114945,1,0,165483,157541.0,:157541:165483,--NCCL:ncclReduceScatter
356207585239,356207613133,27894,0,27894,NCCL:ncclReduceScatter,1114945,1114945,1,0,165492,157541.0,:157541:165492,--NCCL:ncclReduceScatter
356209442450,356209475504,33054,0,33054,NCCL:ncclReduceScatter,1114945,1114945,1,0,165502,157541.0,:157541:165502,--NCCL:ncclReduceScatter
356211291404,356211322003,30599,0,30599,NCCL:ncclReduceScatter,1114945,1114945,1,0,165514,157541.0,:157541:165514,--NCCL:ncclReduceScatter
356213131912,356213164996,33084,0,33084,NCCL:ncclReduceScatter,1114945,1114945,1,0,165525,157541.0,:157541:165525,--NCCL:ncclReduceScatter
356215022377,356215063115,40738,0,40738,NCCL:ncclReduceScatter,1114945,1114945,1,0,165533,157541.0,:157541:165533,--NCCL:ncclReduceScatter
356222163061,356222228077,65016,0,65016,NCCL:ncclReduceScatter,1114945,1114945,1,0,165556,157541.0,:157541:165556,--NCCL:ncclReduceScatter
356224002848,356224031834,28986,0,28986,NCCL:ncclReduceScatter,1114945,1114945,1,0,165568,157541.0,:157541:165568,--NCCL:ncclReduceScatter
356225813298,356225845510,32212,0,32212,NCCL:ncclReduceScatter,1114945,1114945,1,0,165576,157541.0,:157541:165576,--NCCL:ncclReduceScatter
356227585123,356227613538,28415,0,28415,NCCL:ncclReduceScatter,1114945,1114945,1,0,165586,157541.0,:157541:165586,--NCCL:ncclReduceScatter
356229285400,356229312843,27443,0,27443,NCCL:ncclReduceScatter,1114945,1114945,1,0,165595,157541.0,:157541:165595,--NCCL:ncclReduceScatter
356230939859,356230969826,29967,0,29967,NCCL:ncclReduceScatter,1114945,1114945,1,0,165606,157541.0,:157541:165606,--NCCL:ncclReduceScatter
356232589277,356232617301,28024,0,28024,NCCL:ncclReduceScatter,1114945,1114945,1,0,165616,157541.0,:157541:165616,--NCCL:ncclReduceScatter
356234273092,356234303020,29928,0,29928,NCCL:ncclReduceScatter,1114945,1114945,1,0,165624,157541.0,:157541:165624,--NCCL:ncclReduceScatter
356235827988,356235855051,27063,0,27063,NCCL:ncclReduceScatter,1114945,1114945,1,0,165635,157541.0,:157541:165635,--NCCL:ncclReduceScatter
356237317047,356237347035,29988,0,29988,NCCL:ncclReduceScatter,1114945,1114945,1,0,165644,157541.0,:157541:165644,--NCCL:ncclReduceScatter
