Start (ns),End (ns),Duration (ns),DurChild (ns),DurNonChild (ns),Name,PID,TID,Lvl,NumChild,RangeId,ParentId,RangeStack,NameTree,Parallelism
25433534966,25433561397,26431,0,26431,NCCL:ncclRecv,563290,563290,1,0,33,18.0,:18:33,--NCCL:ncclRecv,PP
25511159112,25511168560,9448,0,9448,NCCL:ncclRecv,563290,563290,1,0,49,18.0,:18:49,--NCCL:ncclRecv,PP
25920838037,25979175658,58337621,0,58337621,NCCL:ncclAllGather,563290,563290,1,0,60,18.0,:18:60,--NCCL:ncclAllGather,DP
26169699540,26169775427,75887,0,75887,NCCL:ncclAllGather,563290,563290,1,0,66,18.0,:18:66,--NCCL:ncclAllGather,DP
27183170919,27183220325,49406,0,49406,NCCL:ncclAllGather,563290,563290,1,0,119,18.0,:18:119,--NCCL:ncclAllGather,DP
27200352097,27200402163,50066,0,50066,NCCL:ncclAllGather,563290,563290,1,0,170,18.0,:18:170,--NCCL:ncclAllGather,DP
27213432311,27213479371,47060,0,47060,NCCL:ncclAllGather,563290,563290,1,0,224,18.0,:18:224,--NCCL:ncclAllGather,DP
27226894713,27226941213,46500,0,46500,NCCL:ncclAllGather,563290,563290,1,0,279,18.0,:18:279,--NCCL:ncclAllGather,DP
27240021667,27240079639,57972,0,57972,NCCL:ncclAllGather,563290,563290,1,0,329,18.0,:18:329,--NCCL:ncclAllGather,DP
27253398303,27253449853,51550,0,51550,NCCL:ncclAllGather,563290,563290,1,0,382,18.0,:18:382,--NCCL:ncclAllGather,DP
27267591077,27267658607,67530,0,67530,NCCL:ncclAllGather,563290,563290,1,0,440,18.0,:18:440,--NCCL:ncclAllGather,DP
27283043744,27283112788,69044,0,69044,NCCL:ncclAllGather,563290,563290,1,0,506,18.0,:18:506,--NCCL:ncclAllGather,DP
27299047547,27299124496,76949,0,76949,NCCL:ncclAllGather,563290,563290,1,0,566,18.0,:18:566,--NCCL:ncclAllGather,DP
27315131344,27315200348,69004,0,69004,NCCL:ncclAllGather,563290,563290,1,0,632,18.0,:18:632,--NCCL:ncclAllGather,DP
27330933317,27330989816,56499,0,56499,NCCL:ncclAllGather,563290,563290,1,0,693,18.0,:18:693,--NCCL:ncclAllGather,DP
27340832194,27340866961,34767,0,34767,NCCL:ncclAllGather,563290,563290,1,0,744,18.0,:18:744,--NCCL:ncclAllGather,DP
27349801084,27349835470,34386,0,34386,NCCL:ncclAllGather,563290,563290,1,0,787,18.0,:18:787,--NCCL:ncclAllGather,DP
27363892641,27363939582,46941,0,46941,NCCL:ncclAllGather,563290,563290,1,0,831,18.0,:18:831,--NCCL:ncclAllGather,DP
27395653520,27395712153,58633,0,58633,NCCL:ncclAllGather,563290,563290,1,0,869,18.0,:18:869,--NCCL:ncclAllGather,DP
27750762024,27750822842,60818,0,60818,NCCL:ncclRecv,563290,563290,1,0,935,18.0,:18:935,--NCCL:ncclRecv,PP
30160681874,30160688657,6783,0,6783,NCCL:ncclSend,563290,563290,1,0,2909,18.0,:18:2909,--NCCL:ncclSend,PP
30160750336,30160751429,1093,0,1093,NCCL:ncclRecv,563290,563290,1,0,2920,18.0,:18:2920,--NCCL:ncclRecv,PP
32156018212,32156026458,8246,0,8246,NCCL:ncclSend,563290,563290,1,0,4896,18.0,:18:4896,--NCCL:ncclSend,PP
32156101313,32156103838,2525,0,2525,NCCL:ncclRecv,563290,563290,1,0,4902,18.0,:18:4902,--NCCL:ncclRecv,PP
34214094838,34214099196,4358,0,4358,NCCL:ncclSend,563290,563290,1,0,6881,18.0,:18:6881,--NCCL:ncclSend,PP
34214147068,34214148020,952,0,952,NCCL:ncclRecv,563290,563290,1,0,6884,18.0,:18:6884,--NCCL:ncclRecv,PP
36201416048,36201490552,74504,0,74504,NCCL:ncclReduceScatter,563290,563290,1,0,8871,18.0,:18:8871,--NCCL:ncclReduceScatter,DP
36203937340,36203977047,39707,0,39707,NCCL:ncclReduceScatter,563290,563290,1,0,8883,18.0,:18:8883,--NCCL:ncclReduceScatter,DP
36207599647,36207635566,35919,0,35919,NCCL:ncclReduceScatter,563290,563290,1,0,8895,18.0,:18:8895,--NCCL:ncclReduceScatter,DP
36209574352,36209619930,45578,0,45578,NCCL:ncclReduceScatter,563290,563290,1,0,8907,18.0,:18:8907,--NCCL:ncclReduceScatter,DP
36211519791,36211559277,39486,0,39486,NCCL:ncclReduceScatter,563290,563290,1,0,8919,18.0,:18:8919,--NCCL:ncclReduceScatter,DP
36213650438,36213682049,31611,0,31611,NCCL:ncclReduceScatter,563290,563290,1,0,8931,18.0,:18:8931,--NCCL:ncclReduceScatter,DP
36217565432,36217602785,37353,0,37353,NCCL:ncclReduceScatter,563290,563290,1,0,8943,18.0,:18:8943,--NCCL:ncclReduceScatter,DP
36219281087,36219316927,35840,0,35840,NCCL:ncclReduceScatter,563290,563290,1,0,8954,18.0,:18:8954,--NCCL:ncclReduceScatter,DP
36221105613,36221140751,35138,0,35138,NCCL:ncclReduceScatter,563290,563290,1,0,8966,18.0,:18:8966,--NCCL:ncclReduceScatter,DP
36223276397,36223320242,43845,0,43845,NCCL:ncclReduceScatter,563290,563290,1,0,8978,18.0,:18:8978,--NCCL:ncclReduceScatter,DP
36226916901,36226954234,37333,0,37333,NCCL:ncclReduceScatter,563290,563290,1,0,8991,18.0,:18:8991,--NCCL:ncclReduceScatter,DP
36228796964,36228828926,31962,0,31962,NCCL:ncclReduceScatter,563290,563290,1,0,8997,18.0,:18:8997,--NCCL:ncclReduceScatter,DP
36230555582,36230586923,31341,0,31341,NCCL:ncclReduceScatter,563290,563290,1,0,9009,18.0,:18:9009,--NCCL:ncclReduceScatter,DP
36232716968,36232748710,31742,0,31742,NCCL:ncclReduceScatter,563290,563290,1,0,9021,18.0,:18:9021,--NCCL:ncclReduceScatter,DP
36235969152,36236004641,35489,0,35489,NCCL:ncclReduceScatter,563290,563290,1,0,9038,18.0,:18:9038,--NCCL:ncclReduceScatter,DP
36238004676,36238043580,38904,0,38904,NCCL:ncclReduceScatter,563290,563290,1,0,9042,18.0,:18:9042,--NCCL:ncclReduceScatter,DP
36240059957,36240101958,42001,0,42001,NCCL:ncclReduceScatter,563290,563290,1,0,9052,18.0,:18:9052,--NCCL:ncclReduceScatter,DP
36241073695,36241079978,6283,0,6283,NCCL:ncclSend,563290,563290,1,0,9059,18.0,:18:9059,--NCCL:ncclSend,PP
43490913155,43490918755,5600,0,5600,NCCL:ncclRecv,563290,563290,1,0,9122,9119.0,:9119:9122,--NCCL:ncclRecv,PP
43491946912,43491989895,42983,0,42983,NCCL:ncclAllGather,563290,563290,1,0,9126,9119.0,:9119:9126,--NCCL:ncclAllGather,DP
43493190876,43493227967,37091,0,37091,NCCL:ncclAllGather,563290,563290,1,0,9127,9119.0,:9119:9127,--NCCL:ncclAllGather,DP
43507934473,43507973819,39346,0,39346,NCCL:ncclAllGather,563290,563290,1,0,9190,9119.0,:9119:9190,--NCCL:ncclAllGather,DP
43521701534,43521741130,39596,0,39596,NCCL:ncclAllGather,563290,563290,1,0,9249,9119.0,:9119:9249,--NCCL:ncclAllGather,DP
43535330298,43535369053,38755,0,38755,NCCL:ncclAllGather,563290,563290,1,0,9305,9119.0,:9119:9305,--NCCL:ncclAllGather,DP
43548958490,43548993678,35188,0,35188,NCCL:ncclAllGather,563290,563290,1,0,9363,9119.0,:9119:9363,--NCCL:ncclAllGather,DP
43562279499,43562316721,37222,0,37222,NCCL:ncclAllGather,563290,563290,1,0,9424,9119.0,:9119:9424,--NCCL:ncclAllGather,DP
43575852044,43575892633,40589,0,40589,NCCL:ncclAllGather,563290,563290,1,0,9484,9119.0,:9119:9484,--NCCL:ncclAllGather,DP
43589303165,43589341909,38744,0,38744,NCCL:ncclAllGather,563290,563290,1,0,9539,9119.0,:9119:9539,--NCCL:ncclAllGather,DP
43602437282,43602473522,36240,0,36240,NCCL:ncclAllGather,563290,563290,1,0,9594,9119.0,:9119:9594,--NCCL:ncclAllGather,DP
43615511655,43615550349,38694,0,38694,NCCL:ncclAllGather,563290,563290,1,0,9658,9119.0,:9119:9658,--NCCL:ncclAllGather,DP
43628573794,43628608791,34997,0,34997,NCCL:ncclAllGather,563290,563290,1,0,9718,9119.0,:9119:9718,--NCCL:ncclAllGather,DP
43641545417,43641583671,38254,0,38254,NCCL:ncclAllGather,563290,563290,1,0,9773,9119.0,:9119:9773,--NCCL:ncclAllGather,DP
43654879702,43654917756,38054,0,38054,NCCL:ncclAllGather,563290,563290,1,0,9828,9119.0,:9119:9828,--NCCL:ncclAllGather,DP
43668091069,43668125806,34737,0,34737,NCCL:ncclAllGather,563290,563290,1,0,9892,9119.0,:9119:9892,--NCCL:ncclAllGather,DP
43681147657,43681182965,35308,0,35308,NCCL:ncclAllGather,563290,563290,1,0,9942,9119.0,:9119:9942,--NCCL:ncclAllGather,DP
43694236468,43694275573,39105,0,39105,NCCL:ncclAllGather,563290,563290,1,0,9983,9119.0,:9119:9983,--NCCL:ncclAllGather,DP
47160238570,47160243550,4980,0,4980,NCCL:ncclSend,563290,563290,1,0,11163,9119.0,:9119:11163,--NCCL:ncclSend,PP
47160350136,47160355326,5190,0,5190,NCCL:ncclRecv,563290,563290,1,0,11170,9119.0,:9119:11170,--NCCL:ncclRecv,PP
49139081189,49139085166,3977,0,3977,NCCL:ncclSend,563290,563290,1,0,13155,9119.0,:9119:13155,--NCCL:ncclSend,PP
49139223964,49139225087,1123,0,1123,NCCL:ncclRecv,563290,563290,1,0,13177,9119.0,:9119:13177,--NCCL:ncclRecv,PP
51121264642,51121268971,4329,0,4329,NCCL:ncclSend,563290,563290,1,0,15144,9119.0,:9119:15144,--NCCL:ncclSend,PP
51121385606,51121386708,1102,0,1102,NCCL:ncclRecv,563290,563290,1,0,15161,9119.0,:9119:15161,--NCCL:ncclRecv,PP
53106169294,53106259679,90385,0,90385,NCCL:ncclReduceScatter,563290,563290,1,0,17129,9119.0,:9119:17129,--NCCL:ncclReduceScatter,DP
53108661620,53108704423,42803,0,42803,NCCL:ncclReduceScatter,563290,563290,1,0,17143,9119.0,:9119:17143,--NCCL:ncclReduceScatter,DP
53110979499,53111020638,41139,0,41139,NCCL:ncclReduceScatter,563290,563290,1,0,17160,9119.0,:9119:17160,--NCCL:ncclReduceScatter,DP
53113230979,53113268692,37713,0,37713,NCCL:ncclReduceScatter,563290,563290,1,0,17173,9119.0,:9119:17173,--NCCL:ncclReduceScatter,DP
53115270399,53115308363,37964,0,37964,NCCL:ncclReduceScatter,563290,563290,1,0,17188,9119.0,:9119:17188,--NCCL:ncclReduceScatter,DP
53117494126,53117535346,41220,0,41220,NCCL:ncclReduceScatter,563290,563290,1,0,17202,9119.0,:9119:17202,--NCCL:ncclReduceScatter,DP
53119682935,53119723233,40298,0,40298,NCCL:ncclReduceScatter,563290,563290,1,0,17218,9119.0,:9119:17218,--NCCL:ncclReduceScatter,DP
53121827780,53121871484,43704,0,43704,NCCL:ncclReduceScatter,563290,563290,1,0,17231,9119.0,:9119:17231,--NCCL:ncclReduceScatter,DP
53123998584,53124039633,41049,0,41049,NCCL:ncclReduceScatter,563290,563290,1,0,17245,9119.0,:9119:17245,--NCCL:ncclReduceScatter,DP
53126147155,53126187373,40218,0,40218,NCCL:ncclReduceScatter,563290,563290,1,0,17262,9119.0,:9119:17262,--NCCL:ncclReduceScatter,DP
53128291709,53128337438,45729,0,45729,NCCL:ncclReduceScatter,563290,563290,1,0,17275,9119.0,:9119:17275,--NCCL:ncclReduceScatter,DP
53130382760,53130423448,40688,0,40688,NCCL:ncclReduceScatter,563290,563290,1,0,17289,9119.0,:9119:17289,--NCCL:ncclReduceScatter,DP
53132544086,53132584915,40829,0,40829,NCCL:ncclReduceScatter,563290,563290,1,0,17305,9119.0,:9119:17305,--NCCL:ncclReduceScatter,DP
53134753836,53134792861,39025,0,39025,NCCL:ncclReduceScatter,563290,563290,1,0,17329,9119.0,:9119:17329,--NCCL:ncclReduceScatter,DP
53136850667,53136891195,40528,0,40528,NCCL:ncclReduceScatter,563290,563290,1,0,17332,9119.0,:9119:17332,--NCCL:ncclReduceScatter,DP
53138912841,53138952087,39246,0,39246,NCCL:ncclReduceScatter,563290,563290,1,0,17335,9119.0,:9119:17335,--NCCL:ncclReduceScatter,DP
53141013240,53141052967,39727,0,39727,NCCL:ncclReduceScatter,563290,563290,1,0,17338,9119.0,:9119:17338,--NCCL:ncclReduceScatter,DP
53142040024,53142045705,5681,0,5681,NCCL:ncclSend,563290,563290,1,0,17341,9119.0,:9119:17341,--NCCL:ncclSend,PP
59909996063,59910002866,6803,0,6803,NCCL:ncclRecv,563290,563290,1,0,17368,17358.0,:17358:17368,--NCCL:ncclRecv,PP
59910964144,59911022556,58412,0,58412,NCCL:ncclAllGather,563290,563290,1,0,17381,17358.0,:17358:17381,--NCCL:ncclAllGather,DP
59912656885,59912699817,42932,0,42932,NCCL:ncclAllGather,563290,563290,1,0,17387,17358.0,:17358:17387,--NCCL:ncclAllGather,DP
59927243158,59927279789,36631,0,36631,NCCL:ncclAllGather,563290,563290,1,0,17445,17358.0,:17358:17445,--NCCL:ncclAllGather,DP
59940062799,59940103006,40207,0,40207,NCCL:ncclAllGather,563290,563290,1,0,17500,17358.0,:17358:17500,--NCCL:ncclAllGather,DP
59952640621,59952676040,35419,0,35419,NCCL:ncclAllGather,563290,563290,1,0,17557,17358.0,:17358:17557,--NCCL:ncclAllGather,DP
59965276236,59965310342,34106,0,34106,NCCL:ncclAllGather,563290,563290,1,0,17617,17358.0,:17358:17617,--NCCL:ncclAllGather,DP
59977953561,59977987597,34036,0,34036,NCCL:ncclAllGather,563290,563290,1,0,17675,17358.0,:17358:17675,--NCCL:ncclAllGather,DP
59990854980,59990897722,42742,0,42742,NCCL:ncclAllGather,563290,563290,1,0,17730,17358.0,:17358:17730,--NCCL:ncclAllGather,DP
60004796347,60004831936,35589,0,35589,NCCL:ncclAllGather,563290,563290,1,0,17791,17358.0,:17358:17791,--NCCL:ncclAllGather,DP
60017596490,60017630986,34496,0,34496,NCCL:ncclAllGather,563290,563290,1,0,17850,17358.0,:17358:17850,--NCCL:ncclAllGather,DP
60030469493,60030508098,38605,0,38605,NCCL:ncclAllGather,563290,563290,1,0,17909,17358.0,:17358:17909,--NCCL:ncclAllGather,DP
60043166386,60043205041,38655,0,38655,NCCL:ncclAllGather,563290,563290,1,0,17961,17358.0,:17358:17961,--NCCL:ncclAllGather,DP
60056313880,60056364267,50387,0,50387,NCCL:ncclAllGather,563290,563290,1,0,18013,17358.0,:17358:18013,--NCCL:ncclAllGather,DP
60068763345,60068797170,33825,0,33825,NCCL:ncclAllGather,563290,563290,1,0,18065,17358.0,:17358:18065,--NCCL:ncclAllGather,DP
60081174526,60081209173,34647,0,34647,NCCL:ncclAllGather,563290,563290,1,0,18119,17358.0,:17358:18119,--NCCL:ncclAllGather,DP
60093648558,60093688646,40088,0,40088,NCCL:ncclAllGather,563290,563290,1,0,18170,17358.0,:17358:18170,--NCCL:ncclAllGather,DP
60106770873,60106814037,43164,0,43164,NCCL:ncclAllGather,563290,563290,1,0,18214,17358.0,:17358:18214,--NCCL:ncclAllGather,DP
63488619764,63488624193,4429,0,4429,NCCL:ncclSend,563290,563290,1,0,19406,17358.0,:17358:19406,--NCCL:ncclSend,PP
63488664521,63488665593,1072,0,1072,NCCL:ncclRecv,563290,563290,1,0,19409,17358.0,:17358:19409,--NCCL:ncclRecv,PP
65465566329,65465570407,4078,0,4078,NCCL:ncclSend,563290,563290,1,0,21418,17358.0,:17358:21418,--NCCL:ncclSend,PP
65465605134,65465608631,3497,0,3497,NCCL:ncclRecv,563290,563290,1,0,21421,17358.0,:17358:21421,--NCCL:ncclRecv,PP
67445889318,67445894187,4869,0,4869,NCCL:ncclSend,563290,563290,1,0,23406,17358.0,:17358:23406,--NCCL:ncclSend,PP
67445937541,67445938463,922,0,922,NCCL:ncclRecv,563290,563290,1,0,23409,17358.0,:17358:23409,--NCCL:ncclRecv,PP
69429389937,69429458520,68583,0,68583,NCCL:ncclReduceScatter,563290,563290,1,0,25374,17358.0,:17358:25374,--NCCL:ncclReduceScatter,DP
69431574949,69431622100,47151,0,47151,NCCL:ncclReduceScatter,563290,563290,1,0,25388,17358.0,:17358:25388,--NCCL:ncclReduceScatter,DP
69433574052,69433608628,34576,0,34576,NCCL:ncclReduceScatter,563290,563290,1,0,25402,17358.0,:17358:25402,--NCCL:ncclReduceScatter,DP
69435460306,69435504552,44246,0,44246,NCCL:ncclReduceScatter,563290,563290,1,0,25414,17358.0,:17358:25414,--NCCL:ncclReduceScatter,DP
69437271987,69437314228,42241,0,42241,NCCL:ncclReduceScatter,563290,563290,1,0,25425,17358.0,:17358:25425,--NCCL:ncclReduceScatter,DP
69439123003,69439187097,64094,0,64094,NCCL:ncclReduceScatter,563290,563290,1,0,25438,17358.0,:17358:25438,--NCCL:ncclReduceScatter,DP
69441056790,69441093210,36420,0,36420,NCCL:ncclReduceScatter,563290,563290,1,0,25452,17358.0,:17358:25452,--NCCL:ncclReduceScatter,DP
69442853000,69442890894,37894,0,37894,NCCL:ncclReduceScatter,563290,563290,1,0,25464,17358.0,:17358:25464,--NCCL:ncclReduceScatter,DP
69444662527,69444699388,36861,0,36861,NCCL:ncclReduceScatter,563290,563290,1,0,25480,17358.0,:17358:25480,--NCCL:ncclReduceScatter,DP
69446544443,69446592315,47872,0,47872,NCCL:ncclReduceScatter,563290,563290,1,0,25492,17358.0,:17358:25492,--NCCL:ncclReduceScatter,DP
69448345623,69448381933,36310,0,36310,NCCL:ncclReduceScatter,563290,563290,1,0,25505,17358.0,:17358:25505,--NCCL:ncclReduceScatter,DP
69450119240,69450154278,35038,0,35038,NCCL:ncclReduceScatter,563290,563290,1,0,25516,17358.0,:17358:25516,--NCCL:ncclReduceScatter,DP
69451970097,69452006707,36610,0,36610,NCCL:ncclReduceScatter,563290,563290,1,0,25529,17358.0,:17358:25529,--NCCL:ncclReduceScatter,DP
69453849678,69453890928,41250,0,41250,NCCL:ncclReduceScatter,563290,563290,1,0,25542,17358.0,:17358:25542,--NCCL:ncclReduceScatter,DP
69455721294,69455758486,37192,0,37192,NCCL:ncclReduceScatter,563290,563290,1,0,25552,17358.0,:17358:25552,--NCCL:ncclReduceScatter,DP
69457593081,69457633179,40098,0,40098,NCCL:ncclReduceScatter,563290,563290,1,0,25568,17358.0,:17358:25568,--NCCL:ncclReduceScatter,DP
69459580361,69459618475,38114,0,38114,NCCL:ncclReduceScatter,563290,563290,1,0,25574,17358.0,:17358:25574,--NCCL:ncclReduceScatter,DP
69460664877,69460669515,4638,0,4638,NCCL:ncclSend,563290,563290,1,0,25579,17358.0,:17358:25579,--NCCL:ncclSend,PP
76204171164,76204177346,6182,0,6182,NCCL:ncclRecv,563290,563290,1,0,25616,25602.0,:25602:25616,--NCCL:ncclRecv,PP
76205241021,76205299073,58052,0,58052,NCCL:ncclAllGather,563290,563290,1,0,25626,25602.0,:25602:25626,--NCCL:ncclAllGather,DP
76206585078,76206619354,34276,0,34276,NCCL:ncclAllGather,563290,563290,1,0,25631,25602.0,:25602:25631,--NCCL:ncclAllGather,DP
76220480086,76220516617,36531,0,36531,NCCL:ncclAllGather,563290,563290,1,0,25688,25602.0,:25602:25688,--NCCL:ncclAllGather,DP
76233057218,76233090712,33494,0,33494,NCCL:ncclAllGather,563290,563290,1,0,25740,25602.0,:25602:25740,--NCCL:ncclAllGather,DP
76245740174,76245774139,33965,0,33965,NCCL:ncclAllGather,563290,563290,1,0,25801,25602.0,:25602:25801,--NCCL:ncclAllGather,DP
76258446535,76258480281,33746,0,33746,NCCL:ncclAllGather,563290,563290,1,0,25856,25602.0,:25602:25856,--NCCL:ncclAllGather,DP
76271155962,76271191461,35499,0,35499,NCCL:ncclAllGather,563290,563290,1,0,25916,25602.0,:25602:25916,--NCCL:ncclAllGather,DP
76283665574,76283700872,35298,0,35298,NCCL:ncclAllGather,563290,563290,1,0,25971,25602.0,:25602:25971,--NCCL:ncclAllGather,DP
76296443053,76296477409,34356,0,34356,NCCL:ncclAllGather,563290,563290,1,0,26029,25602.0,:25602:26029,--NCCL:ncclAllGather,DP
76309151698,76309186065,34367,0,34367,NCCL:ncclAllGather,563290,563290,1,0,26087,25602.0,:25602:26087,--NCCL:ncclAllGather,DP
76321715995,76321750251,34256,0,34256,NCCL:ncclAllGather,563290,563290,1,0,26147,25602.0,:25602:26147,--NCCL:ncclAllGather,DP
76334195288,76334239102,43814,0,43814,NCCL:ncclAllGather,563290,563290,1,0,26205,25602.0,:25602:26205,--NCCL:ncclAllGather,DP
76346647768,76346682626,34858,0,34858,NCCL:ncclAllGather,563290,563290,1,0,26263,25602.0,:25602:26263,--NCCL:ncclAllGather,DP
76359411230,76359447470,36240,0,36240,NCCL:ncclAllGather,563290,563290,1,0,26324,25602.0,:25602:26324,--NCCL:ncclAllGather,DP
76372441608,76372482437,40829,0,40829,NCCL:ncclAllGather,563290,563290,1,0,26383,25602.0,:25602:26383,--NCCL:ncclAllGather,DP
76385524597,76385559374,34777,0,34777,NCCL:ncclAllGather,563290,563290,1,0,26435,25602.0,:25602:26435,--NCCL:ncclAllGather,DP
76398283379,76398318267,34888,0,34888,NCCL:ncclAllGather,563290,563290,1,0,26474,25602.0,:25602:26474,--NCCL:ncclAllGather,DP
79822751289,79822755778,4489,0,4489,NCCL:ncclSend,563290,563290,1,0,27653,25602.0,:25602:27653,--NCCL:ncclSend,PP
79822806325,79822807367,1042,0,1042,NCCL:ncclRecv,563290,563290,1,0,27662,25602.0,:25602:27662,--NCCL:ncclRecv,PP
81800399640,81800407976,8336,0,8336,NCCL:ncclSend,563290,563290,1,0,29639,25602.0,:25602:29639,--NCCL:ncclSend,PP
81800450278,81800453945,3667,0,3667,NCCL:ncclRecv,563290,563290,1,0,29646,25602.0,:25602:29646,--NCCL:ncclRecv,PP
83776850156,83776857370,7214,0,7214,NCCL:ncclSend,563290,563290,1,0,31628,25602.0,:25602:31628,--NCCL:ncclSend,PP
83776982793,83776983995,1202,0,1202,NCCL:ncclRecv,563290,563290,1,0,31637,25602.0,:25602:31637,--NCCL:ncclRecv,PP
85787649843,85787730248,80405,0,80405,NCCL:ncclReduceScatter,563290,563290,1,0,33621,25602.0,:25602:33621,--NCCL:ncclReduceScatter,DP
85789652352,85789693672,41320,0,41320,NCCL:ncclReduceScatter,563290,563290,1,0,33633,25602.0,:25602:33633,--NCCL:ncclReduceScatter,DP
85791568695,85791600556,31861,0,31861,NCCL:ncclReduceScatter,563290,563290,1,0,33647,25602.0,:25602:33647,--NCCL:ncclReduceScatter,DP
85793385596,85793416335,30739,0,30739,NCCL:ncclReduceScatter,563290,563290,1,0,33659,25602.0,:25602:33659,--NCCL:ncclReduceScatter,DP
85795039742,85795068808,29066,0,29066,NCCL:ncclReduceScatter,563290,563290,1,0,33670,25602.0,:25602:33670,--NCCL:ncclReduceScatter,DP
85796604816,85796635255,30439,0,30439,NCCL:ncclReduceScatter,563290,563290,1,0,33682,25602.0,:25602:33682,--NCCL:ncclReduceScatter,DP
85798234454,85798274121,39667,0,39667,NCCL:ncclReduceScatter,563290,563290,1,0,33693,25602.0,:25602:33693,--NCCL:ncclReduceScatter,DP
85799881176,85799917386,36210,0,36210,NCCL:ncclReduceScatter,563290,563290,1,0,33704,25602.0,:25602:33704,--NCCL:ncclReduceScatter,DP
85801532767,85801565230,32463,0,32463,NCCL:ncclReduceScatter,563290,563290,1,0,33716,25602.0,:25602:33716,--NCCL:ncclReduceScatter,DP
85803167727,85803197875,30148,0,30148,NCCL:ncclReduceScatter,563290,563290,1,0,33728,25602.0,:25602:33728,--NCCL:ncclReduceScatter,DP
85804770804,85804802235,31431,0,31431,NCCL:ncclReduceScatter,563290,563290,1,0,33740,25602.0,:25602:33740,--NCCL:ncclReduceScatter,DP
85806447734,85806479135,31401,0,31401,NCCL:ncclReduceScatter,563290,563290,1,0,33752,25602.0,:25602:33752,--NCCL:ncclReduceScatter,DP
85808044860,85808079107,34247,0,34247,NCCL:ncclReduceScatter,563290,563290,1,0,33764,25602.0,:25602:33764,--NCCL:ncclReduceScatter,DP
85809708355,85809742831,34476,0,34476,NCCL:ncclReduceScatter,563290,563290,1,0,33776,25602.0,:25602:33776,--NCCL:ncclReduceScatter,DP
85811326210,85811356800,30590,0,30590,NCCL:ncclReduceScatter,563290,563290,1,0,33788,25602.0,:25602:33788,--NCCL:ncclReduceScatter,DP
85812946772,85812983683,36911,0,36911,NCCL:ncclReduceScatter,563290,563290,1,0,33800,25602.0,:25602:33800,--NCCL:ncclReduceScatter,DP
85814613983,85814659361,45378,0,45378,NCCL:ncclReduceScatter,563290,563290,1,0,33815,25602.0,:25602:33815,--NCCL:ncclReduceScatter,DP
85815669272,85815676877,7605,0,7605,NCCL:ncclSend,563290,563290,1,0,33824,25602.0,:25602:33824,--NCCL:ncclSend,PP
92512636947,92512642007,5060,0,5060,NCCL:ncclRecv,563290,563290,1,0,33865,33852.0,:33852:33865,--NCCL:ncclRecv,PP
92513834321,92513888465,54144,0,54144,NCCL:ncclAllGather,563290,563290,1,0,33871,33852.0,:33852:33871,--NCCL:ncclAllGather,DP
92515035962,92515061522,25560,0,25560,NCCL:ncclAllGather,563290,563290,1,0,33875,33852.0,:33852:33875,--NCCL:ncclAllGather,DP
92527371918,92527400884,28966,0,28966,NCCL:ncclAllGather,563290,563290,1,0,33926,33852.0,:33852:33926,--NCCL:ncclAllGather,DP
92538012819,92538037787,24968,0,24968,NCCL:ncclAllGather,563290,563290,1,0,33974,33852.0,:33852:33974,--NCCL:ncclAllGather,DP
92548842464,92548870919,28455,0,28455,NCCL:ncclAllGather,563290,563290,1,0,34025,33852.0,:33852:34025,--NCCL:ncclAllGather,DP
92560080658,92560106669,26011,0,26011,NCCL:ncclAllGather,563290,563290,1,0,34077,33852.0,:33852:34077,--NCCL:ncclAllGather,DP
92570316546,92570342537,25991,0,25991,NCCL:ncclAllGather,563290,563290,1,0,34126,33852.0,:33852:34126,--NCCL:ncclAllGather,DP
92580827175,92580853055,25880,0,25880,NCCL:ncclAllGather,563290,563290,1,0,34178,33852.0,:33852:34178,--NCCL:ncclAllGather,DP
92591190048,92591219054,29006,0,29006,NCCL:ncclAllGather,563290,563290,1,0,34224,33852.0,:33852:34224,--NCCL:ncclAllGather,DP
92601760573,92601788967,28394,0,28394,NCCL:ncclAllGather,563290,563290,1,0,34273,33852.0,:33852:34273,--NCCL:ncclAllGather,DP
92612383809,92612410571,26762,0,26762,NCCL:ncclAllGather,563290,563290,1,0,34325,33852.0,:33852:34325,--NCCL:ncclAllGather,DP
92622998048,92623029729,31681,0,31681,NCCL:ncclAllGather,563290,563290,1,0,34374,33852.0,:33852:34374,--NCCL:ncclAllGather,DP
92633311927,92633337636,25709,0,25709,NCCL:ncclAllGather,563290,563290,1,0,34426,33852.0,:33852:34426,--NCCL:ncclAllGather,DP
92643504811,92643530821,26010,0,26010,NCCL:ncclAllGather,563290,563290,1,0,34475,33852.0,:33852:34475,--NCCL:ncclAllGather,DP
92653305138,92653330988,25850,0,25850,NCCL:ncclAllGather,563290,563290,1,0,34527,33852.0,:33852:34527,--NCCL:ncclAllGather,DP
92663459739,92663485588,25849,0,25849,NCCL:ncclAllGather,563290,563290,1,0,34579,33852.0,:33852:34579,--NCCL:ncclAllGather,DP
92673938756,92673976058,37302,0,37302,NCCL:ncclAllGather,563290,563290,1,0,34628,33852.0,:33852:34628,--NCCL:ncclAllGather,DP
96104185532,96104191133,5601,0,5601,NCCL:ncclSend,563290,563290,1,0,35898,33852.0,:33852:35898,--NCCL:ncclSend,PP
96104256990,96104258122,1132,0,1132,NCCL:ncclRecv,563290,563290,1,0,35906,33852.0,:33852:35906,--NCCL:ncclRecv,PP
98082101820,98082105608,3788,0,3788,NCCL:ncclSend,563290,563290,1,0,37883,33852.0,:33852:37883,--NCCL:ncclSend,PP
98082190181,98082190963,782,0,782,NCCL:ncclRecv,563290,563290,1,0,37889,33852.0,:33852:37889,--NCCL:ncclRecv,PP
100063199877,100063204115,4238,0,4238,NCCL:ncclSend,563290,563290,1,0,39894,33852.0,:33852:39894,--NCCL:ncclSend,PP
100063319789,100063320730,941,0,941,NCCL:ncclRecv,563290,563290,1,0,39897,33852.0,:33852:39897,--NCCL:ncclRecv,PP
102046041953,102046101128,59175,0,59175,NCCL:ncclReduceScatter,563290,563290,1,0,41862,33852.0,:33852:41862,--NCCL:ncclReduceScatter,DP
102048067347,102048107665,40318,0,40318,NCCL:ncclReduceScatter,563290,563290,1,0,41873,33852.0,:33852:41873,--NCCL:ncclReduceScatter,DP
102049857436,102049885019,27583,0,27583,NCCL:ncclReduceScatter,563290,563290,1,0,41884,33852.0,:33852:41884,--NCCL:ncclReduceScatter,DP
102051545096,102051574764,29668,0,29668,NCCL:ncclReduceScatter,563290,563290,1,0,41893,33852.0,:33852:41893,--NCCL:ncclReduceScatter,DP
102053194854,102053225053,30199,0,30199,NCCL:ncclReduceScatter,563290,563290,1,0,41904,33852.0,:33852:41904,--NCCL:ncclReduceScatter,DP
102054844752,102054875732,30980,0,30980,NCCL:ncclReduceScatter,563290,563290,1,0,41916,33852.0,:33852:41916,--NCCL:ncclReduceScatter,DP
102056439123,102056466676,27553,0,27553,NCCL:ncclReduceScatter,563290,563290,1,0,41926,33852.0,:33852:41926,--NCCL:ncclReduceScatter,DP
102057902440,102057930134,27694,0,27694,NCCL:ncclReduceScatter,563290,563290,1,0,41937,33852.0,:33852:41937,--NCCL:ncclReduceScatter,DP
102059419522,102059448658,29136,0,29136,NCCL:ncclReduceScatter,563290,563290,1,0,41948,33852.0,:33852:41948,--NCCL:ncclReduceScatter,DP
102060971060,102060998292,27232,0,27232,NCCL:ncclReduceScatter,563290,563290,1,0,41960,33852.0,:33852:41960,--NCCL:ncclReduceScatter,DP
102062443715,102062473713,29998,0,29998,NCCL:ncclReduceScatter,563290,563290,1,0,41970,33852.0,:33852:41970,--NCCL:ncclReduceScatter,DP
102064038847,102064070238,31391,0,31391,NCCL:ncclReduceScatter,563290,563290,1,0,41981,33852.0,:33852:41981,--NCCL:ncclReduceScatter,DP
102065499630,102065528836,29206,0,29206,NCCL:ncclReduceScatter,563290,563290,1,0,41993,33852.0,:33852:41993,--NCCL:ncclReduceScatter,DP
102067001662,102067034556,32894,0,32894,NCCL:ncclReduceScatter,563290,563290,1,0,42003,33852.0,:33852:42003,--NCCL:ncclReduceScatter,DP
102068655678,102068684043,28365,0,28365,NCCL:ncclReduceScatter,563290,563290,1,0,42014,33852.0,:33852:42014,--NCCL:ncclReduceScatter,DP
102070177178,102070204591,27413,0,27413,NCCL:ncclReduceScatter,563290,563290,1,0,42026,33852.0,:33852:42026,--NCCL:ncclReduceScatter,DP
102071778932,102071809662,30730,0,30730,NCCL:ncclReduceScatter,563290,563290,1,0,42036,33852.0,:33852:42036,--NCCL:ncclReduceScatter,DP
102072564049,102072570492,6443,0,6443,NCCL:ncclSend,563290,563290,1,0,42046,33852.0,:33852:42046,--NCCL:ncclSend,PP
108914502308,108914509452,7144,0,7144,NCCL:ncclRecv,563290,563290,1,0,42104,42091.0,:42091:42104,--NCCL:ncclRecv,PP
108915716594,108915773925,57331,0,57331,NCCL:ncclAllGather,563290,563290,1,0,42114,42091.0,:42091:42114,--NCCL:ncclAllGather,DP
108916981248,108917014152,32904,0,32904,NCCL:ncclAllGather,563290,563290,1,0,42118,42091.0,:42091:42118,--NCCL:ncclAllGather,DP
108930041142,108930071511,30369,0,30369,NCCL:ncclAllGather,563290,563290,1,0,42162,42091.0,:42091:42162,--NCCL:ncclAllGather,DP
108941646727,108941675552,28825,0,28825,NCCL:ncclAllGather,563290,563290,1,0,42207,42091.0,:42091:42207,--NCCL:ncclAllGather,DP
108958134194,108958177448,43254,0,43254,NCCL:ncclAllGather,563290,563290,1,0,42270,42091.0,:42091:42270,--NCCL:ncclAllGather,DP
108974715332,108974758766,43434,0,43434,NCCL:ncclAllGather,563290,563290,1,0,42331,42091.0,:42091:42331,--NCCL:ncclAllGather,DP
108991316128,108991359392,43264,0,43264,NCCL:ncclAllGather,563290,563290,1,0,42392,42091.0,:42091:42392,--NCCL:ncclAllGather,DP
109007900833,109007944097,43264,0,43264,NCCL:ncclAllGather,563290,563290,1,0,42455,42091.0,:42091:42455,--NCCL:ncclAllGather,DP
109019517619,109019559992,42373,0,42373,NCCL:ncclAllGather,563290,563290,1,0,42501,42091.0,:42091:42501,--NCCL:ncclAllGather,DP
109030928217,109030966972,38755,0,38755,NCCL:ncclAllGather,563290,563290,1,0,42549,42091.0,:42091:42549,--NCCL:ncclAllGather,DP
109042242940,109042276785,33845,0,33845,NCCL:ncclAllGather,563290,563290,1,0,42592,42091.0,:42091:42592,--NCCL:ncclAllGather,DP
109053442981,109053472167,29186,0,29186,NCCL:ncclAllGather,563290,563290,1,0,42638,42091.0,:42091:42638,--NCCL:ncclAllGather,DP
109064736752,109064766480,29728,0,29728,NCCL:ncclAllGather,563290,563290,1,0,42684,42091.0,:42091:42684,--NCCL:ncclAllGather,DP
109075975308,109076004945,29637,0,29637,NCCL:ncclAllGather,563290,563290,1,0,42732,42091.0,:42091:42732,--NCCL:ncclAllGather,DP
109087192392,109087221788,29396,0,29396,NCCL:ncclAllGather,563290,563290,1,0,42780,42091.0,:42091:42780,--NCCL:ncclAllGather,DP
109098414044,109098443701,29657,0,29657,NCCL:ncclAllGather,563290,563290,1,0,42823,42091.0,:42091:42823,--NCCL:ncclAllGather,DP
109109502579,109109532407,29828,0,29828,NCCL:ncclAllGather,563290,563290,1,0,42871,42091.0,:42091:42871,--NCCL:ncclAllGather,DP
112411770222,112411777587,7365,0,7365,NCCL:ncclSend,563290,563290,1,0,44162,42091.0,:42091:44162,--NCCL:ncclSend,PP
112411860437,112411870226,9789,0,9789,NCCL:ncclRecv,563290,563290,1,0,44165,42091.0,:42091:44165,--NCCL:ncclRecv,PP
114392918015,114392924879,6864,0,6864,NCCL:ncclSend,563290,563290,1,0,46129,42091.0,:42091:46129,--NCCL:ncclSend,PP
114392971509,114392972460,951,0,951,NCCL:ncclRecv,563290,563290,1,0,46134,42091.0,:42091:46134,--NCCL:ncclRecv,PP
116376416400,116376421039,4639,0,4639,NCCL:ncclSend,563290,563290,1,0,48130,42091.0,:42091:48130,--NCCL:ncclSend,PP
116376612759,116376614102,1343,0,1343,NCCL:ncclRecv,563290,563290,1,0,48141,42091.0,:42091:48141,--NCCL:ncclRecv,PP
118360475057,118360524072,49015,0,49015,NCCL:ncclReduceScatter,563290,563290,1,0,50105,42091.0,:42091:50105,--NCCL:ncclReduceScatter,DP
118362492906,118362539155,46249,0,46249,NCCL:ncclReduceScatter,563290,563290,1,0,50118,42091.0,:42091:50118,--NCCL:ncclReduceScatter,DP
118364307322,118364336037,28715,0,28715,NCCL:ncclReduceScatter,563290,563290,1,0,50130,42091.0,:42091:50130,--NCCL:ncclReduceScatter,DP
118365903375,118365932402,29027,0,29027,NCCL:ncclReduceScatter,563290,563290,1,0,50142,42091.0,:42091:50142,--NCCL:ncclReduceScatter,DP
118367506653,118367534738,28085,0,28085,NCCL:ncclReduceScatter,563290,563290,1,0,50154,42091.0,:42091:50154,--NCCL:ncclReduceScatter,DP
118369270020,118369296351,26331,0,26331,NCCL:ncclReduceScatter,563290,563290,1,0,50166,42091.0,:42091:50166,--NCCL:ncclReduceScatter,DP
118370861766,118370889169,27403,0,27403,NCCL:ncclReduceScatter,563290,563290,1,0,50176,42091.0,:42091:50176,--NCCL:ncclReduceScatter,DP
118372399177,118372428643,29466,0,29466,NCCL:ncclReduceScatter,563290,563290,1,0,50187,42091.0,:42091:50187,--NCCL:ncclReduceScatter,DP
118373947268,118373976995,29727,0,29727,NCCL:ncclReduceScatter,563290,563290,1,0,50199,42091.0,:42091:50199,--NCCL:ncclReduceScatter,DP
118375646902,118375677090,30188,0,30188,NCCL:ncclReduceScatter,563290,563290,1,0,50212,42091.0,:42091:50212,--NCCL:ncclReduceScatter,DP
118377222687,118377251633,28946,0,28946,NCCL:ncclReduceScatter,563290,563290,1,0,50224,42091.0,:42091:50224,--NCCL:ncclReduceScatter,DP
118378830423,118378859790,29367,0,29367,NCCL:ncclReduceScatter,563290,563290,1,0,50235,42091.0,:42091:50235,--NCCL:ncclReduceScatter,DP
118380386871,118380418712,31841,0,31841,NCCL:ncclReduceScatter,563290,563290,1,0,50247,42091.0,:42091:50247,--NCCL:ncclReduceScatter,DP
118381950963,118381980851,29888,0,29888,NCCL:ncclReduceScatter,563290,563290,1,0,50258,42091.0,:42091:50258,--NCCL:ncclReduceScatter,DP
118383693349,118383726233,32884,0,32884,NCCL:ncclReduceScatter,563290,563290,1,0,50270,42091.0,:42091:50270,--NCCL:ncclReduceScatter,DP
118385299603,118385328178,28575,0,28575,NCCL:ncclReduceScatter,563290,563290,1,0,50282,42091.0,:42091:50282,--NCCL:ncclReduceScatter,DP
118386937277,118386967426,30149,0,30149,NCCL:ncclReduceScatter,563290,563290,1,0,50296,42091.0,:42091:50296,--NCCL:ncclReduceScatter,DP
118387708527,118387714970,6443,0,6443,NCCL:ncclSend,563290,563290,1,0,50302,42091.0,:42091:50302,--NCCL:ncclSend,PP
125388294066,125388299997,5931,0,5931,NCCL:ncclRecv,563290,563290,1,0,50343,50333.0,:50333:50343,--NCCL:ncclRecv,PP
125389297605,125389348323,50718,0,50718,NCCL:ncclAllGather,563290,563290,1,0,50357,50333.0,:50333:50357,--NCCL:ncclAllGather,DP
125390605572,125390651621,46049,0,46049,NCCL:ncclAllGather,563290,563290,1,0,50361,50333.0,:50333:50361,--NCCL:ncclAllGather,DP
125406175797,125406212027,36230,0,36230,NCCL:ncclAllGather,563290,563290,1,0,50414,50333.0,:50333:50414,--NCCL:ncclAllGather,DP
125420199564,125420238820,39256,0,39256,NCCL:ncclAllGather,563290,563290,1,0,50469,50333.0,:50333:50469,--NCCL:ncclAllGather,DP
125433971434,125434006622,35188,0,35188,NCCL:ncclAllGather,563290,563290,1,0,50530,50333.0,:50333:50530,--NCCL:ncclAllGather,DP
125447943300,125447979601,36301,0,36301,NCCL:ncclAllGather,563290,563290,1,0,50592,50333.0,:50333:50592,--NCCL:ncclAllGather,DP
125461535143,125461569860,34717,0,34717,NCCL:ncclAllGather,563290,563290,1,0,50651,50333.0,:50333:50651,--NCCL:ncclAllGather,DP
125475253820,125475294078,40258,0,40258,NCCL:ncclAllGather,563290,563290,1,0,50706,50333.0,:50333:50706,--NCCL:ncclAllGather,DP
125488742273,125488777461,35188,0,35188,NCCL:ncclAllGather,563290,563290,1,0,50767,50333.0,:50333:50767,--NCCL:ncclAllGather,DP
125502476430,125502527008,50578,0,50578,NCCL:ncclAllGather,563290,563290,1,0,50828,50333.0,:50333:50828,--NCCL:ncclAllGather,DP
125515975363,125516009939,34576,0,34576,NCCL:ncclAllGather,563290,563290,1,0,50885,50333.0,:50333:50885,--NCCL:ncclAllGather,DP
125529374843,125529410322,35479,0,35479,NCCL:ncclAllGather,563290,563290,1,0,50940,50333.0,:50333:50940,--NCCL:ncclAllGather,DP
125542866191,125542904896,38705,0,38705,NCCL:ncclAllGather,563290,563290,1,0,51004,50333.0,:50333:51004,--NCCL:ncclAllGather,DP
125556511156,125556555843,44687,0,44687,NCCL:ncclAllGather,563290,563290,1,0,51064,50333.0,:50333:51064,--NCCL:ncclAllGather,DP
125569990942,125570025178,34236,0,34236,NCCL:ncclAllGather,563290,563290,1,0,51123,50333.0,:50333:51123,--NCCL:ncclAllGather,DP
125583536595,125583576282,39687,0,39687,NCCL:ncclAllGather,563290,563290,1,0,51167,50333.0,:50333:51167,--NCCL:ncclAllGather,DP
125596899265,125596940174,40909,0,40909,NCCL:ncclAllGather,563290,563290,1,0,51208,50333.0,:50333:51208,--NCCL:ncclAllGather,DP
129016897278,129016903630,6352,0,6352,NCCL:ncclSend,563290,563290,1,0,52401,50333.0,:50333:52401,--NCCL:ncclSend,PP
129016946613,129016947475,862,0,862,NCCL:ncclRecv,563290,563290,1,0,52408,50333.0,:50333:52408,--NCCL:ncclRecv,PP
130995083728,130995090181,6453,0,6453,NCCL:ncclSend,563290,563290,1,0,54379,50333.0,:50333:54379,--NCCL:ncclSend,PP
130995136721,130995137803,1082,0,1082,NCCL:ncclRecv,563290,563290,1,0,54385,50333.0,:50333:54385,--NCCL:ncclRecv,PP
132973422313,132973426531,4218,0,4218,NCCL:ncclSend,563290,563290,1,0,56368,50333.0,:50333:56368,--NCCL:ncclSend,PP
132973467330,132973468432,1102,0,1102,NCCL:ncclRecv,563290,563290,1,0,56371,50333.0,:50333:56371,--NCCL:ncclRecv,PP
134956530714,134956591932,61218,0,61218,NCCL:ncclReduceScatter,563290,563290,1,0,58349,50333.0,:50333:58349,--NCCL:ncclReduceScatter,DP
134958267319,134958305794,38475,0,38475,NCCL:ncclReduceScatter,563290,563290,1,0,58361,50333.0,:50333:58361,--NCCL:ncclReduceScatter,DP
134959987423,134960018703,31280,0,31280,NCCL:ncclReduceScatter,563290,563290,1,0,58372,50333.0,:50333:58372,--NCCL:ncclReduceScatter,DP
134961560202,134961586493,26291,0,26291,NCCL:ncclReduceScatter,563290,563290,1,0,58383,50333.0,:50333:58383,--NCCL:ncclReduceScatter,DP
134963164512,134963193197,28685,0,28685,NCCL:ncclReduceScatter,563290,563290,1,0,58393,50333.0,:50333:58393,--NCCL:ncclReduceScatter,DP
134965158665,134965185507,26842,0,26842,NCCL:ncclReduceScatter,563290,563290,1,0,58405,50333.0,:50333:58405,--NCCL:ncclReduceScatter,DP
134966712417,134966744379,31962,0,31962,NCCL:ncclReduceScatter,563290,563290,1,0,58417,50333.0,:50333:58417,--NCCL:ncclReduceScatter,DP
134968278613,134968329201,50588,0,50588,NCCL:ncclReduceScatter,563290,563290,1,0,58429,50333.0,:50333:58429,--NCCL:ncclReduceScatter,DP
134969801456,134969828007,26551,0,26551,NCCL:ncclReduceScatter,563290,563290,1,0,58439,50333.0,:50333:58439,--NCCL:ncclReduceScatter,DP
134971386829,134971419703,32874,0,32874,NCCL:ncclReduceScatter,563290,563290,1,0,58451,50333.0,:50333:58451,--NCCL:ncclReduceScatter,DP
134972949528,134972989316,39788,0,39788,NCCL:ncclReduceScatter,563290,563290,1,0,58462,50333.0,:50333:58462,--NCCL:ncclReduceScatter,DP
134974455208,134974486989,31781,0,31781,NCCL:ncclReduceScatter,563290,563290,1,0,58474,50333.0,:50333:58474,--NCCL:ncclReduceScatter,DP
134976853121,134976881496,28375,0,28375,NCCL:ncclReduceScatter,563290,563290,1,0,58488,50333.0,:50333:58488,--NCCL:ncclReduceScatter,DP
134978381855,134978409969,28114,0,28114,NCCL:ncclReduceScatter,563290,563290,1,0,58500,50333.0,:50333:58500,--NCCL:ncclReduceScatter,DP
134980016904,134980047303,30399,0,30399,NCCL:ncclReduceScatter,563290,563290,1,0,58510,50333.0,:50333:58510,--NCCL:ncclReduceScatter,DP
134981578472,134981606626,28154,0,28154,NCCL:ncclReduceScatter,563290,563290,1,0,58522,50333.0,:50333:58522,--NCCL:ncclReduceScatter,DP
134983180747,134983211226,30479,0,30479,NCCL:ncclReduceScatter,563290,563290,1,0,58533,50333.0,:50333:58533,--NCCL:ncclReduceScatter,DP
134983982727,134983988869,6142,0,6142,NCCL:ncclSend,563290,563290,1,0,58547,50333.0,:50333:58547,--NCCL:ncclSend,PP
142074907600,142074914212,6612,0,6612,NCCL:ncclRecv,563290,563290,1,0,58593,58578.0,:58578:58593,--NCCL:ncclRecv,PP
142076073212,142076120223,47011,0,47011,NCCL:ncclAllGather,563290,563290,1,0,58603,58578.0,:58578:58603,--NCCL:ncclAllGather,DP
142077229797,142077262510,32713,0,32713,NCCL:ncclAllGather,563290,563290,1,0,58606,58578.0,:58578:58606,--NCCL:ncclAllGather,DP
142090495218,142090533302,38084,0,38084,NCCL:ncclAllGather,563290,563290,1,0,58651,58578.0,:58578:58651,--NCCL:ncclAllGather,DP
142104001365,142104040430,39065,0,39065,NCCL:ncclAllGather,563290,563290,1,0,58710,58578.0,:58578:58710,--NCCL:ncclAllGather,DP
142117579601,142117614378,34777,0,34777,NCCL:ncclAllGather,563290,563290,1,0,58768,58578.0,:58578:58768,--NCCL:ncclAllGather,DP
142130743126,142130782702,39576,0,39576,NCCL:ncclAllGather,563290,563290,1,0,58823,58578.0,:58578:58823,--NCCL:ncclAllGather,DP
142143845622,142143883265,37643,0,37643,NCCL:ncclAllGather,563290,563290,1,0,58885,58578.0,:58578:58885,--NCCL:ncclAllGather,DP
142156863235,142156897151,33916,0,33916,NCCL:ncclAllGather,563290,563290,1,0,58943,58578.0,:58578:58943,--NCCL:ncclAllGather,DP
142169933189,142169970451,37262,0,37262,NCCL:ncclAllGather,563290,563290,1,0,58999,58578.0,:58578:58999,--NCCL:ncclAllGather,DP
142183177510,142183216064,38554,0,38554,NCCL:ncclAllGather,563290,563290,1,0,59057,58578.0,:58578:59057,--NCCL:ncclAllGather,DP
142196295797,142196330153,34356,0,34356,NCCL:ncclAllGather,563290,563290,1,0,59116,58578.0,:58578:59116,--NCCL:ncclAllGather,DP
142209417661,142209452108,34447,0,34447,NCCL:ncclAllGather,563290,563290,1,0,59174,58578.0,:58578:59174,--NCCL:ncclAllGather,DP
142222591286,142222628588,37302,0,37302,NCCL:ncclAllGather,563290,563290,1,0,59230,58578.0,:58578:59230,--NCCL:ncclAllGather,DP
142235958374,142235996898,38524,0,38524,NCCL:ncclAllGather,563290,563290,1,0,59291,58578.0,:58578:59291,--NCCL:ncclAllGather,DP
142249297788,142249332716,34928,0,34928,NCCL:ncclAllGather,563290,563290,1,0,59346,58578.0,:58578:59346,--NCCL:ncclAllGather,DP
142262195720,142262234795,39075,0,39075,NCCL:ncclAllGather,563290,563290,1,0,59393,58578.0,:58578:59393,--NCCL:ncclAllGather,DP
142275695374,142275735632,40258,0,40258,NCCL:ncclAllGather,563290,563290,1,0,59434,58578.0,:58578:59434,--NCCL:ncclAllGather,DP
145741733065,145741738205,5140,0,5140,NCCL:ncclSend,563290,563290,1,0,60631,58578.0,:58578:60631,--NCCL:ncclSend,PP
145741796067,145741797089,1022,0,1022,NCCL:ncclRecv,563290,563290,1,0,60642,58578.0,:58578:60642,--NCCL:ncclRecv,PP
147722743262,147722747199,3937,0,3937,NCCL:ncclSend,563290,563290,1,0,62614,58578.0,:58578:62614,--NCCL:ncclSend,PP
147722789160,147722789882,722,0,722,NCCL:ncclRecv,563290,563290,1,0,62618,58578.0,:58578:62618,--NCCL:ncclRecv,PP
149706823050,149706828600,5550,0,5550,NCCL:ncclSend,563290,563290,1,0,64603,58578.0,:58578:64603,--NCCL:ncclSend,PP
149706954965,149706956227,1262,0,1262,NCCL:ncclRecv,563290,563290,1,0,64616,58578.0,:58578:64616,--NCCL:ncclRecv,PP
151687245381,151687315937,70556,0,70556,NCCL:ncclReduceScatter,563290,563290,1,0,66592,58578.0,:58578:66592,--NCCL:ncclReduceScatter,DP
151688975714,151689017184,41470,0,41470,NCCL:ncclReduceScatter,563290,563290,1,0,66602,58578.0,:58578:66602,--NCCL:ncclReduceScatter,DP
151690600493,151690630241,29748,0,29748,NCCL:ncclReduceScatter,563290,563290,1,0,66614,58578.0,:58578:66614,--NCCL:ncclReduceScatter,DP
151692311960,151692343020,31060,0,31060,NCCL:ncclReduceScatter,563290,563290,1,0,66625,58578.0,:58578:66625,--NCCL:ncclReduceScatter,DP
151693929856,151694880944,951088,0,951088,NCCL:ncclReduceScatter,563290,563290,1,0,66636,58578.0,:58578:66636,--NCCL:ncclReduceScatter,DP
151697818510,151697869018,50508,0,50508,NCCL:ncclReduceScatter,563290,563290,1,0,66653,58578.0,:58578:66653,--NCCL:ncclReduceScatter,DP
151701647759,151701689239,41480,0,41480,NCCL:ncclReduceScatter,563290,563290,1,0,66666,58578.0,:58578:66666,--NCCL:ncclReduceScatter,DP
151705336096,151705383076,46980,0,46980,NCCL:ncclReduceScatter,563290,563290,1,0,66678,58578.0,:58578:66678,--NCCL:ncclReduceScatter,DP
151708249445,151708295844,46399,0,46399,NCCL:ncclReduceScatter,563290,563290,1,0,66688,58578.0,:58578:66688,--NCCL:ncclReduceScatter,DP
151710494623,151710532406,37783,0,37783,NCCL:ncclReduceScatter,563290,563290,1,0,66699,58578.0,:58578:66699,--NCCL:ncclReduceScatter,DP
151712695125,151712792152,97027,0,97027,NCCL:ncclReduceScatter,563290,563290,1,0,66711,58578.0,:58578:66711,--NCCL:ncclReduceScatter,DP
151716488885,151716549382,60497,0,60497,NCCL:ncclReduceScatter,563290,563290,1,0,66727,58578.0,:58578:66727,--NCCL:ncclReduceScatter,DP
151718832143,151718873262,41119,0,41119,NCCL:ncclReduceScatter,563290,563290,1,0,66737,58578.0,:58578:66737,--NCCL:ncclReduceScatter,DP
151721442547,151721480360,37813,0,37813,NCCL:ncclReduceScatter,563290,563290,1,0,66748,58578.0,:58578:66748,--NCCL:ncclReduceScatter,DP
151723990530,151724063150,72620,0,72620,NCCL:ncclReduceScatter,563290,563290,1,0,66759,58578.0,:58578:66759,--NCCL:ncclReduceScatter,DP
151726094555,151726141025,46470,0,46470,NCCL:ncclReduceScatter,563290,563290,1,0,66771,58578.0,:58578:66771,--NCCL:ncclReduceScatter,DP
151728491927,151728531755,39828,0,39828,NCCL:ncclReduceScatter,563290,563290,1,0,66785,58578.0,:58578:66785,--NCCL:ncclReduceScatter,DP
151729697607,151729708288,10681,0,10681,NCCL:ncclSend,563290,563290,1,0,66790,58578.0,:58578:66790,--NCCL:ncclSend,PP
158693935975,158693941636,5661,0,5661,NCCL:ncclRecv,563290,563290,1,0,66831,66821.0,:66821:66831,--NCCL:ncclRecv,PP
158694826626,158694876402,49776,0,49776,NCCL:ncclAllGather,563290,563290,1,0,66845,66821.0,:66821:66845,--NCCL:ncclAllGather,DP
158696612376,158696653386,41010,0,41010,NCCL:ncclAllGather,563290,563290,1,0,66850,66821.0,:66821:66850,--NCCL:ncclAllGather,DP
158711108276,158711148363,40087,0,40087,NCCL:ncclAllGather,563290,563290,1,0,66908,66821.0,:66821:66908,--NCCL:ncclAllGather,DP
158724985880,158725021799,35919,0,35919,NCCL:ncclAllGather,563290,563290,1,0,66960,66821.0,:66821:66960,--NCCL:ncclAllGather,DP
158738502126,158738539659,37533,0,37533,NCCL:ncclAllGather,563290,563290,1,0,67021,66821.0,:66821:67021,--NCCL:ncclAllGather,DP
158752344202,158752378127,33925,0,33925,NCCL:ncclAllGather,563290,563290,1,0,67081,66821.0,:66821:67081,--NCCL:ncclAllGather,DP
158765780183,158765819589,39406,0,39406,NCCL:ncclAllGather,563290,563290,1,0,67139,66821.0,:66821:67139,--NCCL:ncclAllGather,DP
158779202377,158779240331,37954,0,37954,NCCL:ncclAllGather,563290,563290,1,0,67194,66821.0,:66821:67194,--NCCL:ncclAllGather,DP
158792229258,158792263615,34357,0,34357,NCCL:ncclAllGather,563290,563290,1,0,67255,66821.0,:66821:67255,--NCCL:ncclAllGather,DP
158805265597,158805304793,39196,0,39196,NCCL:ncclAllGather,563290,563290,1,0,67314,66821.0,:66821:67314,--NCCL:ncclAllGather,DP
158818853632,158818891986,38354,0,38354,NCCL:ncclAllGather,563290,563290,1,0,67370,66821.0,:66821:67370,--NCCL:ncclAllGather,DP
158832519237,158832560847,41610,0,41610,NCCL:ncclAllGather,563290,563290,1,0,67425,66821.0,:66821:67425,--NCCL:ncclAllGather,DP
158845762746,158845797293,34547,0,34547,NCCL:ncclAllGather,563290,563290,1,0,67480,66821.0,:66821:67480,--NCCL:ncclAllGather,DP
158858779677,158858814705,35028,0,35028,NCCL:ncclAllGather,563290,563290,1,0,67535,66821.0,:66821:67535,--NCCL:ncclAllGather,DP
158871869079,158871912152,43073,0,43073,NCCL:ncclAllGather,563290,563290,1,0,67590,66821.0,:66821:67590,--NCCL:ncclAllGather,DP
158885063143,158885097830,34687,0,34687,NCCL:ncclAllGather,563290,563290,1,0,67634,66821.0,:66821:67634,--NCCL:ncclAllGather,DP
158898569640,158898608305,38665,0,38665,NCCL:ncclAllGather,563290,563290,1,0,67675,66821.0,:66821:67675,--NCCL:ncclAllGather,DP
162349299203,162349303752,4549,0,4549,NCCL:ncclSend,563290,563290,1,0,68878,66821.0,:66821:68878,--NCCL:ncclSend,PP
162349345192,162349346103,911,0,911,NCCL:ncclRecv,563290,563290,1,0,68888,66821.0,:66821:68888,--NCCL:ncclRecv,PP
164327950081,164327954950,4869,0,4869,NCCL:ncclSend,563290,563290,1,0,70882,66821.0,:66821:70882,--NCCL:ncclSend,PP
164328040886,164328041688,802,0,802,NCCL:ncclRecv,563290,563290,1,0,70885,66821.0,:66821:70885,--NCCL:ncclRecv,PP
166310389629,166310393968,4339,0,4339,NCCL:ncclSend,563290,563290,1,0,72870,66821.0,:66821:72870,--NCCL:ncclSend,PP
166310434366,166310435548,1182,0,1182,NCCL:ncclRecv,563290,563290,1,0,72873,66821.0,:66821:72873,--NCCL:ncclRecv,PP
168314268784,168314356524,87740,0,87740,NCCL:ncclReduceScatter,563290,563290,1,0,74836,66821.0,:66821:74836,--NCCL:ncclReduceScatter,DP
168316359975,168316393660,33685,0,33685,NCCL:ncclReduceScatter,563290,563290,1,0,74848,66821.0,:66821:74848,--NCCL:ncclReduceScatter,DP
168317954766,168317986137,31371,0,31371,NCCL:ncclReduceScatter,563290,563290,1,0,74860,66821.0,:66821:74860,--NCCL:ncclReduceScatter,DP
168319716861,168319749023,32162,0,32162,NCCL:ncclReduceScatter,563290,563290,1,0,74873,66821.0,:66821:74873,--NCCL:ncclReduceScatter,DP
168321412217,168321438076,25859,0,25859,NCCL:ncclReduceScatter,563290,563290,1,0,74886,66821.0,:66821:74886,--NCCL:ncclReduceScatter,DP
168323342476,168323372043,29567,0,29567,NCCL:ncclReduceScatter,563290,563290,1,0,74899,66821.0,:66821:74899,--NCCL:ncclReduceScatter,DP
168325149418,168325176660,27242,0,27242,NCCL:ncclReduceScatter,563290,563290,1,0,74911,66821.0,:66821:74911,--NCCL:ncclReduceScatter,DP
168326769989,168326803403,33414,0,33414,NCCL:ncclReduceScatter,563290,563290,1,0,74925,66821.0,:66821:74925,--NCCL:ncclReduceScatter,DP
168328350653,168328383056,32403,0,32403,NCCL:ncclReduceScatter,563290,563290,1,0,74938,66821.0,:66821:74938,--NCCL:ncclReduceScatter,DP
168329833318,168329861422,28104,0,28104,NCCL:ncclReduceScatter,563290,563290,1,0,74950,66821.0,:66821:74950,--NCCL:ncclReduceScatter,DP
168331383573,168331414373,30800,0,30800,NCCL:ncclReduceScatter,563290,563290,1,0,74962,66821.0,:66821:74962,--NCCL:ncclReduceScatter,DP
168332909301,168332937776,28475,0,28475,NCCL:ncclReduceScatter,563290,563290,1,0,74974,66821.0,:66821:74974,--NCCL:ncclReduceScatter,DP
168334438356,168334469436,31080,0,31080,NCCL:ncclReduceScatter,563290,563290,1,0,74986,66821.0,:66821:74986,--NCCL:ncclReduceScatter,DP
168336058125,168336087412,29287,0,29287,NCCL:ncclReduceScatter,563290,563290,1,0,75000,66821.0,:66821:75000,--NCCL:ncclReduceScatter,DP
168337582110,168337609854,27744,0,27744,NCCL:ncclReduceScatter,563290,563290,1,0,75012,66821.0,:66821:75012,--NCCL:ncclReduceScatter,DP
168339114982,168339144309,29327,0,29327,NCCL:ncclReduceScatter,563290,563290,1,0,75024,66821.0,:66821:75024,--NCCL:ncclReduceScatter,DP
168340583830,168340611774,27944,0,27944,NCCL:ncclReduceScatter,563290,563290,1,0,75040,66821.0,:66821:75040,--NCCL:ncclReduceScatter,DP
168341506914,168341514138,7224,0,7224,NCCL:ncclSend,563290,563290,1,0,75049,66821.0,:66821:75049,--NCCL:ncclSend,PP
175101467233,175101472334,5101,0,5101,NCCL:ncclRecv,563290,563290,1,0,75080,75066.0,:75066:75080,--NCCL:ncclRecv,PP
175102866778,175102911083,44305,0,44305,NCCL:ncclAllGather,563290,563290,1,0,75090,75066.0,:75066:75090,--NCCL:ncclAllGather,DP
175104490104,175104533198,43094,0,43094,NCCL:ncclAllGather,563290,563290,1,0,75094,75066.0,:75066:75094,--NCCL:ncclAllGather,DP
175121228947,175121268073,39126,0,39126,NCCL:ncclAllGather,563290,563290,1,0,75156,75066.0,:75066:75156,--NCCL:ncclAllGather,DP
175135918280,175135957155,38875,0,38875,NCCL:ncclAllGather,563290,563290,1,0,75220,75066.0,:75066:75220,--NCCL:ncclAllGather,DP
175150523300,175150562255,38955,0,38955,NCCL:ncclAllGather,563290,563290,1,0,75282,75066.0,:75066:75282,--NCCL:ncclAllGather,DP
175164930097,175164969834,39737,0,39737,NCCL:ncclAllGather,563290,563290,1,0,75345,75066.0,:75066:75345,--NCCL:ncclAllGather,DP
175179338387,175179378124,39737,0,39737,NCCL:ncclAllGather,563290,563290,1,0,75409,75066.0,:75066:75409,--NCCL:ncclAllGather,DP
175193762928,175193802254,39326,0,39326,NCCL:ncclAllGather,563290,563290,1,0,75471,75066.0,:75066:75471,--NCCL:ncclAllGather,DP
175208064612,175208104900,40288,0,40288,NCCL:ncclAllGather,563290,563290,1,0,75532,75066.0,:75066:75532,--NCCL:ncclAllGather,DP
175222565380,175222604907,39527,0,39527,NCCL:ncclAllGather,563290,563290,1,0,75595,75066.0,:75066:75595,--NCCL:ncclAllGather,DP
175236830875,175236870100,39225,0,39225,NCCL:ncclAllGather,563290,563290,1,0,75659,75066.0,:75066:75659,--NCCL:ncclAllGather,DP
175251095206,175251134282,39076,0,39076,NCCL:ncclAllGather,563290,563290,1,0,75721,75066.0,:75066:75721,--NCCL:ncclAllGather,DP
175265519858,175265560276,40418,0,40418,NCCL:ncclAllGather,563290,563290,1,0,75782,75066.0,:75066:75782,--NCCL:ncclAllGather,DP
175279746346,175279784771,38425,0,38425,NCCL:ncclAllGather,563290,563290,1,0,75845,75066.0,:75066:75845,--NCCL:ncclAllGather,DP
175293927427,175293966182,38755,0,38755,NCCL:ncclAllGather,563290,563290,1,0,75903,75066.0,:75066:75903,--NCCL:ncclAllGather,DP
175308184805,175308224963,40158,0,40158,NCCL:ncclAllGather,563290,563290,1,0,75946,75066.0,:75066:75946,--NCCL:ncclAllGather,DP
175322623724,175322661748,38024,0,38024,NCCL:ncclAllGather,563290,563290,1,0,75983,75066.0,:75066:75983,--NCCL:ncclAllGather,DP
178719277581,178719288663,11082,0,11082,NCCL:ncclSend,563290,563290,1,0,77138,75066.0,:75066:77138,--NCCL:ncclSend,PP
178719338359,178719340443,2084,0,2084,NCCL:ncclRecv,563290,563290,1,0,77141,75066.0,:75066:77141,--NCCL:ncclRecv,PP
180714191834,180714196402,4568,0,4568,NCCL:ncclSend,563290,563290,1,0,79119,75066.0,:75066:79119,--NCCL:ncclSend,PP
180714234947,180714236179,1232,0,1232,NCCL:ncclRecv,563290,563290,1,0,79124,75066.0,:75066:79124,--NCCL:ncclRecv,PP
182693942186,182693946154,3968,0,3968,NCCL:ncclSend,563290,563290,1,0,81110,75066.0,:75066:81110,--NCCL:ncclSend,PP
182693981763,182693982715,952,0,952,NCCL:ncclRecv,563290,563290,1,0,81113,75066.0,:75066:81113,--NCCL:ncclRecv,PP
184681933061,184681985783,52722,0,52722,NCCL:ncclReduceScatter,563290,563290,1,0,83083,75066.0,:75066:83083,--NCCL:ncclReduceScatter,DP
184684043589,184684084779,41190,0,41190,NCCL:ncclReduceScatter,563290,563290,1,0,83098,75066.0,:75066:83098,--NCCL:ncclReduceScatter,DP
184685564558,184685592973,28415,0,28415,NCCL:ncclReduceScatter,563290,563290,1,0,83107,75066.0,:75066:83107,--NCCL:ncclReduceScatter,DP
184686946889,184686979021,32132,0,32132,NCCL:ncclReduceScatter,563290,563290,1,0,83118,75066.0,:75066:83118,--NCCL:ncclReduceScatter,DP
184688365049,184688399606,34557,0,34557,NCCL:ncclReduceScatter,563290,563290,1,0,83129,75066.0,:75066:83129,--NCCL:ncclReduceScatter,DP
184690408537,184690437453,28916,0,28916,NCCL:ncclReduceScatter,563290,563290,1,0,83140,75066.0,:75066:83140,--NCCL:ncclReduceScatter,DP
184691822409,184691860814,38405,0,38405,NCCL:ncclReduceScatter,563290,563290,1,0,83152,75066.0,:75066:83152,--NCCL:ncclReduceScatter,DP
184693240480,184693270227,29747,0,29747,NCCL:ncclReduceScatter,563290,563290,1,0,83164,75066.0,:75066:83164,--NCCL:ncclReduceScatter,DP
184694596409,184694631628,35219,0,35219,NCCL:ncclReduceScatter,563290,563290,1,0,83176,75066.0,:75066:83176,--NCCL:ncclReduceScatter,DP
184696030881,184696068744,37863,0,37863,NCCL:ncclReduceScatter,563290,563290,1,0,83187,75066.0,:75066:83187,--NCCL:ncclReduceScatter,DP
184697380248,184697410136,29888,0,29888,NCCL:ncclReduceScatter,563290,563290,1,0,83197,75066.0,:75066:83197,--NCCL:ncclReduceScatter,DP
184698700209,184698732381,32172,0,32172,NCCL:ncclReduceScatter,563290,563290,1,0,83208,75066.0,:75066:83208,--NCCL:ncclReduceScatter,DP
184700164759,184700195588,30829,0,30829,NCCL:ncclReduceScatter,563290,563290,1,0,83219,75066.0,:75066:83219,--NCCL:ncclReduceScatter,DP
184701534876,184701565084,30208,0,30208,NCCL:ncclReduceScatter,563290,563290,1,0,83231,75066.0,:75066:83231,--NCCL:ncclReduceScatter,DP
184702852782,184702888822,36040,0,36040,NCCL:ncclReduceScatter,563290,563290,1,0,83242,75066.0,:75066:83242,--NCCL:ncclReduceScatter,DP
184704318975,184704349274,30299,0,30299,NCCL:ncclReduceScatter,563290,563290,1,0,83254,75066.0,:75066:83254,--NCCL:ncclReduceScatter,DP
184705673913,184705703571,29658,0,29658,NCCL:ncclReduceScatter,563290,563290,1,0,83265,75066.0,:75066:83265,--NCCL:ncclReduceScatter,DP
184706499428,184706508145,8717,0,8717,NCCL:ncclSend,563290,563290,1,0,83271,75066.0,:75066:83271,--NCCL:ncclSend,PP
191958644943,191958652868,7925,0,7925,NCCL:ncclRecv,563290,563290,1,0,83353,83350.0,:83350:83353,--NCCL:ncclRecv,PP
191959670214,191959724058,53844,0,53844,NCCL:ncclAllGather,563290,563290,1,0,83356,83350.0,:83350:83356,--NCCL:ncclAllGather,DP
191961145485,191961185222,39737,0,39737,NCCL:ncclAllGather,563290,563290,1,0,83363,83350.0,:83350:83363,--NCCL:ncclAllGather,DP
191978874902,191978914238,39336,0,39336,NCCL:ncclAllGather,563290,563290,1,0,83421,83350.0,:83350:83421,--NCCL:ncclAllGather,DP
191993883632,191993919150,35518,0,35518,NCCL:ncclAllGather,563290,563290,1,0,83479,83350.0,:83350:83479,--NCCL:ncclAllGather,DP
192009012704,192009054375,41671,0,41671,NCCL:ncclAllGather,563290,563290,1,0,83538,83350.0,:83350:83538,--NCCL:ncclAllGather,DP
192025121630,192025169202,47572,0,47572,NCCL:ncclAllGather,563290,563290,1,0,83597,83350.0,:83350:83597,--NCCL:ncclAllGather,DP
192041134651,192041171231,36580,0,36580,NCCL:ncclAllGather,563290,563290,1,0,83652,83350.0,:83350:83652,--NCCL:ncclAllGather,DP
192055682430,192055719111,36681,0,36681,NCCL:ncclAllGather,563290,563290,1,0,83713,83350.0,:83350:83713,--NCCL:ncclAllGather,DP
192070331435,192070373767,42332,0,42332,NCCL:ncclAllGather,563290,563290,1,0,83775,83350.0,:83350:83775,--NCCL:ncclAllGather,DP
192085539170,192085581251,42081,0,42081,NCCL:ncclAllGather,563290,563290,1,0,83837,83350.0,:83350:83837,--NCCL:ncclAllGather,DP
192100159068,192100195338,36270,0,36270,NCCL:ncclAllGather,563290,563290,1,0,83889,83350.0,:83350:83889,--NCCL:ncclAllGather,DP
192114681749,192114718139,36390,0,36390,NCCL:ncclAllGather,563290,563290,1,0,83953,83350.0,:83350:83953,--NCCL:ncclAllGather,DP
192129154103,192129190783,36680,0,36680,NCCL:ncclAllGather,563290,563290,1,0,84008,83350.0,:83350:84008,--NCCL:ncclAllGather,DP
192143691462,192143728123,36661,0,36661,NCCL:ncclAllGather,563290,563290,1,0,84064,83350.0,:83350:84064,--NCCL:ncclAllGather,DP
192158874228,192158916330,42102,0,42102,NCCL:ncclAllGather,563290,563290,1,0,84112,83350.0,:83350:84112,--NCCL:ncclAllGather,DP
192175240051,192175280308,40257,0,40257,NCCL:ncclAllGather,563290,563290,1,0,84162,83350.0,:83350:84162,--NCCL:ncclAllGather,DP
192191818393,192191859372,40979,0,40979,NCCL:ncclAllGather,563290,563290,1,0,84205,83350.0,:83350:84205,--NCCL:ncclAllGather,DP
195537589905,195537596457,6552,0,6552,NCCL:ncclSend,563290,563290,1,0,85369,83350.0,:83350:85369,--NCCL:ncclSend,PP
195537662144,195537663798,1654,0,1654,NCCL:ncclRecv,563290,563290,1,0,85375,83350.0,:83350:85375,--NCCL:ncclRecv,PP
197525662488,197525667037,4549,0,4549,NCCL:ncclSend,563290,563290,1,0,87356,83350.0,:83350:87356,--NCCL:ncclSend,PP
197525769254,197525770346,1092,0,1092,NCCL:ncclRecv,563290,563290,1,0,87366,83350.0,:83350:87366,--NCCL:ncclRecv,PP
199510240989,199510245859,4870,0,4870,NCCL:ncclSend,563290,563290,1,0,89345,83350.0,:83350:89345,--NCCL:ncclSend,PP
199510372784,199510373786,1002,0,1002,NCCL:ncclRecv,563290,563290,1,0,89357,83350.0,:83350:89357,--NCCL:ncclRecv,PP
201505446254,201505595302,149048,0,149048,NCCL:ncclReduceScatter,563290,563290,1,0,91333,83350.0,:83350:91333,--NCCL:ncclReduceScatter,DP
201509616963,201509662460,45497,0,45497,NCCL:ncclReduceScatter,563290,563290,1,0,91346,83350.0,:83350:91346,--NCCL:ncclReduceScatter,DP
201512279096,201512328883,49787,0,49787,NCCL:ncclReduceScatter,563290,563290,1,0,91358,83350.0,:83350:91358,--NCCL:ncclReduceScatter,DP
201514646020,201514686788,40768,0,40768,NCCL:ncclReduceScatter,563290,563290,1,0,91374,83350.0,:83350:91374,--NCCL:ncclReduceScatter,DP
201517096455,201517135480,39025,0,39025,NCCL:ncclReduceScatter,563290,563290,1,0,91386,83350.0,:83350:91386,--NCCL:ncclReduceScatter,DP
201519417539,201519457547,40008,0,40008,NCCL:ncclReduceScatter,563290,563290,1,0,91399,83350.0,:83350:91399,--NCCL:ncclReduceScatter,DP
201521709638,201521750557,40919,0,40919,NCCL:ncclReduceScatter,563290,563290,1,0,91414,83350.0,:83350:91414,--NCCL:ncclReduceScatter,DP
201524073025,201524114395,41370,0,41370,NCCL:ncclReduceScatter,563290,563290,1,0,91426,83350.0,:83350:91426,--NCCL:ncclReduceScatter,DP
201526307182,201526346548,39366,0,39366,NCCL:ncclReduceScatter,563290,563290,1,0,91439,83350.0,:83350:91439,--NCCL:ncclReduceScatter,DP
201528679516,201528715635,36119,0,36119,NCCL:ncclReduceScatter,563290,563290,1,0,91453,83350.0,:83350:91453,--NCCL:ncclReduceScatter,DP
201530914534,201530953489,38955,0,38955,NCCL:ncclReduceScatter,563290,563290,1,0,91468,83350.0,:83350:91468,--NCCL:ncclReduceScatter,DP
201533177476,201533214728,37252,0,37252,NCCL:ncclReduceScatter,563290,563290,1,0,91480,83350.0,:83350:91480,--NCCL:ncclReduceScatter,DP
201535448535,201535503330,54795,0,54795,NCCL:ncclReduceScatter,563290,563290,1,0,91493,83350.0,:83350:91493,--NCCL:ncclReduceScatter,DP
201537833172,201537871105,37933,0,37933,NCCL:ncclReduceScatter,563290,563290,1,0,91506,83350.0,:83350:91506,--NCCL:ncclReduceScatter,DP
201540543790,201540579569,35779,0,35779,NCCL:ncclReduceScatter,563290,563290,1,0,91522,83350.0,:83350:91522,--NCCL:ncclReduceScatter,DP
201542824156,201542863712,39556,0,39556,NCCL:ncclReduceScatter,563290,563290,1,0,91527,83350.0,:83350:91527,--NCCL:ncclReduceScatter,DP
201544978799,201545013757,34958,0,34958,NCCL:ncclReduceScatter,563290,563290,1,0,91533,83350.0,:83350:91533,--NCCL:ncclReduceScatter,DP
201545881764,201545888587,6823,0,6823,NCCL:ncclSend,563290,563290,1,0,91538,83350.0,:83350:91538,--NCCL:ncclSend,PP
208614281223,208614287044,5821,0,5821,NCCL:ncclRecv,563290,563290,1,0,91581,91573.0,:91573:91581,--NCCL:ncclRecv,PP
208615427568,208615482514,54946,0,54946,NCCL:ncclAllGather,563290,563290,1,0,91587,91573.0,:91573:91587,--NCCL:ncclAllGather,DP
208617107634,208617147401,39767,0,39767,NCCL:ncclAllGather,563290,563290,1,0,91591,91573.0,:91573:91591,--NCCL:ncclAllGather,DP
208634506041,208634543003,36962,0,36962,NCCL:ncclAllGather,563290,563290,1,0,91652,91573.0,:91573:91652,--NCCL:ncclAllGather,DP
208650292574,208650333213,40639,0,40639,NCCL:ncclAllGather,563290,563290,1,0,91713,91573.0,:91573:91713,--NCCL:ncclAllGather,DP
208665710344,208665751454,41110,0,41110,NCCL:ncclAllGather,563290,563290,1,0,91781,91573.0,:91573:91781,--NCCL:ncclAllGather,DP
208681248718,208681286701,37983,0,37983,NCCL:ncclAllGather,563290,563290,1,0,91844,91573.0,:91573:91844,--NCCL:ncclAllGather,DP
208697101569,208697139893,38324,0,38324,NCCL:ncclAllGather,563290,563290,1,0,91905,91573.0,:91573:91905,--NCCL:ncclAllGather,DP
208712802056,208712839328,37272,0,37272,NCCL:ncclAllGather,563290,563290,1,0,91969,91573.0,:91573:91969,--NCCL:ncclAllGather,DP
208728312796,208728355248,42452,0,42452,NCCL:ncclAllGather,563290,563290,1,0,92032,91573.0,:91573:92032,--NCCL:ncclAllGather,DP
208744040765,208744082175,41410,0,41410,NCCL:ncclAllGather,563290,563290,1,0,92091,91573.0,:91573:92091,--NCCL:ncclAllGather,DP
208759710903,208759751291,40388,0,40388,NCCL:ncclAllGather,563290,563290,1,0,92158,91573.0,:91573:92158,--NCCL:ncclAllGather,DP
208775165405,208775205903,40498,0,40498,NCCL:ncclAllGather,563290,563290,1,0,92221,91573.0,:91573:92221,--NCCL:ncclAllGather,DP
208790117144,208790153465,36321,0,36321,NCCL:ncclAllGather,563290,563290,1,0,92282,91573.0,:91573:92282,--NCCL:ncclAllGather,DP
208805082841,208805123500,40659,0,40659,NCCL:ncclAllGather,563290,563290,1,0,92344,91573.0,:91573:92344,--NCCL:ncclAllGather,DP
208820414916,208820455625,40709,0,40709,NCCL:ncclAllGather,563290,563290,1,0,92405,91573.0,:91573:92405,--NCCL:ncclAllGather,DP
208836019307,208836059605,40298,0,40298,NCCL:ncclAllGather,563290,563290,1,0,92442,91573.0,:91573:92442,--NCCL:ncclAllGather,DP
208851093784,208851129884,36100,0,36100,NCCL:ncclAllGather,563290,563290,1,0,92476,91573.0,:91573:92476,--NCCL:ncclAllGather,DP
212200057384,212200064087,6703,0,6703,NCCL:ncclSend,563290,563290,1,0,93615,91573.0,:91573:93615,--NCCL:ncclSend,PP
212200127359,212200128892,1533,0,1533,NCCL:ncclRecv,563290,563290,1,0,93620,91573.0,:91573:93620,--NCCL:ncclRecv,PP
214180907381,214180913553,6172,0,6172,NCCL:ncclSend,563290,563290,1,0,95606,91573.0,:91573:95606,--NCCL:ncclSend,PP
214181042462,214181043594,1132,0,1132,NCCL:ncclRecv,563290,563290,1,0,95610,91573.0,:91573:95610,--NCCL:ncclRecv,PP
216170564185,216170569615,5430,0,5430,NCCL:ncclSend,563290,563290,1,0,97591,91573.0,:91573:97591,--NCCL:ncclSend,PP
216170690499,216170691711,1212,0,1212,NCCL:ncclRecv,563290,563290,1,0,97601,91573.0,:91573:97601,--NCCL:ncclRecv,PP
218161131017,218161206272,75255,0,75255,NCCL:ncclReduceScatter,563290,563290,1,0,99578,91573.0,:91573:99578,--NCCL:ncclReduceScatter,DP
218163150469,218163188132,37663,0,37663,NCCL:ncclReduceScatter,563290,563290,1,0,99589,91573.0,:91573:99589,--NCCL:ncclReduceScatter,DP
218165070920,218165100537,29617,0,29617,NCCL:ncclReduceScatter,563290,563290,1,0,99600,91573.0,:91573:99600,--NCCL:ncclReduceScatter,DP
218166996580,218167028121,31541,0,31541,NCCL:ncclReduceScatter,563290,563290,1,0,99611,91573.0,:91573:99611,--NCCL:ncclReduceScatter,DP
218168963802,218168990593,26791,0,26791,NCCL:ncclReduceScatter,563290,563290,1,0,99622,91573.0,:91573:99622,--NCCL:ncclReduceScatter,DP
218170637345,218170669247,31902,0,31902,NCCL:ncclReduceScatter,563290,563290,1,0,99634,91573.0,:91573:99634,--NCCL:ncclReduceScatter,DP
218172355645,218172387126,31481,0,31481,NCCL:ncclReduceScatter,563290,563290,1,0,99644,91573.0,:91573:99644,--NCCL:ncclReduceScatter,DP
218174013058,218174041222,28164,0,28164,NCCL:ncclReduceScatter,563290,563290,1,0,99654,91573.0,:91573:99654,--NCCL:ncclReduceScatter,DP
218175695008,218175731669,36661,0,36661,NCCL:ncclReduceScatter,563290,563290,1,0,99666,91573.0,:91573:99666,--NCCL:ncclReduceScatter,DP
218177342852,218177373190,30338,0,30338,NCCL:ncclReduceScatter,563290,563290,1,0,99677,91573.0,:91573:99677,--NCCL:ncclReduceScatter,DP
218179158871,218179193968,35097,0,35097,NCCL:ncclReduceScatter,563290,563290,1,0,99688,91573.0,:91573:99688,--NCCL:ncclReduceScatter,DP
218180894414,218180922689,28275,0,28275,NCCL:ncclReduceScatter,563290,563290,1,0,99699,91573.0,:91573:99699,--NCCL:ncclReduceScatter,DP
218182588678,218182628415,39737,0,39737,NCCL:ncclReduceScatter,563290,563290,1,0,99711,91573.0,:91573:99711,--NCCL:ncclReduceScatter,DP
218184504850,218184536191,31341,0,31341,NCCL:ncclReduceScatter,563290,563290,1,0,99722,91573.0,:91573:99722,--NCCL:ncclReduceScatter,DP
218186152053,218186180017,27964,0,27964,NCCL:ncclReduceScatter,563290,563290,1,0,99733,91573.0,:91573:99733,--NCCL:ncclReduceScatter,DP
218187925660,218187953764,28104,0,28104,NCCL:ncclReduceScatter,563290,563290,1,0,99744,91573.0,:91573:99744,--NCCL:ncclReduceScatter,DP
218189538907,218189568965,30058,0,30058,NCCL:ncclReduceScatter,563290,563290,1,0,99754,91573.0,:91573:99754,--NCCL:ncclReduceScatter,DP
218190576883,218190584908,8025,0,8025,NCCL:ncclSend,563290,563290,1,0,99761,91573.0,:91573:99761,--NCCL:ncclSend,PP
224966063302,224966068733,5431,0,5431,NCCL:ncclRecv,563290,563290,1,0,99825,99807.0,:99807:99825,--NCCL:ncclRecv,PP
224967310873,224967363274,52401,0,52401,NCCL:ncclAllGather,563290,563290,1,0,99831,99807.0,:99807:99831,--NCCL:ncclAllGather,DP
224968759933,224968792666,32733,0,32733,NCCL:ncclAllGather,563290,563290,1,0,99835,99807.0,:99807:99835,--NCCL:ncclAllGather,DP
224982733212,224982761907,28695,0,28695,NCCL:ncclAllGather,563290,563290,1,0,99883,99807.0,:99807:99883,--NCCL:ncclAllGather,DP
224994807131,224994835115,27984,0,27984,NCCL:ncclAllGather,563290,563290,1,0,99929,99807.0,:99807:99929,--NCCL:ncclAllGather,DP
225006780707,225006821446,40739,0,40739,NCCL:ncclAllGather,563290,563290,1,0,99981,99807.0,:99807:99981,--NCCL:ncclAllGather,DP
225018820320,225018848224,27904,0,27904,NCCL:ncclAllGather,563290,563290,1,0,100030,99807.0,:99807:100030,--NCCL:ncclAllGather,DP
225030770961,225030798644,27683,0,27683,NCCL:ncclAllGather,563290,563290,1,0,100078,99807.0,:99807:100078,--NCCL:ncclAllGather,DP
225042562004,225042597482,35478,0,35478,NCCL:ncclAllGather,563290,563290,1,0,100127,99807.0,:99807:100127,--NCCL:ncclAllGather,DP
225054727029,225054757849,30820,0,30820,NCCL:ncclAllGather,563290,563290,1,0,100176,99807.0,:99807:100176,--NCCL:ncclAllGather,DP
225067331353,225067363806,32453,0,32453,NCCL:ncclAllGather,563290,563290,1,0,100228,99807.0,:99807:100228,--NCCL:ncclAllGather,DP
225079565182,225079595550,30368,0,30368,NCCL:ncclAllGather,563290,563290,1,0,100276,99807.0,:99807:100276,--NCCL:ncclAllGather,DP
225092131903,225092163184,31281,0,31281,NCCL:ncclAllGather,563290,563290,1,0,100325,99807.0,:99807:100325,--NCCL:ncclAllGather,DP
225104585135,225104612418,27283,0,27283,NCCL:ncclAllGather,563290,563290,1,0,100374,99807.0,:99807:100374,--NCCL:ncclAllGather,DP
225116869441,225116897776,28335,0,28335,NCCL:ncclAllGather,563290,563290,1,0,100425,99807.0,:99807:100425,--NCCL:ncclAllGather,DP
225129204605,225129244793,40188,0,40188,NCCL:ncclAllGather,563290,563290,1,0,100474,99807.0,:99807:100474,--NCCL:ncclAllGather,DP
225141527065,225141556752,29687,0,29687,NCCL:ncclAllGather,563290,563290,1,0,100522,99807.0,:99807:100522,--NCCL:ncclAllGather,DP
225153717549,225153744922,27373,0,27373,NCCL:ncclAllGather,563290,563290,1,0,100571,99807.0,:99807:100571,--NCCL:ncclAllGather,DP
228524162566,228524167345,4779,0,4779,NCCL:ncclSend,563290,563290,1,0,101855,99807.0,:99807:101855,--NCCL:ncclSend,PP
228524251227,228524252169,942,0,942,NCCL:ncclRecv,563290,563290,1,0,101863,99807.0,:99807:101863,--NCCL:ncclRecv,PP
230507079737,230507084496,4759,0,4759,NCCL:ncclSend,563290,563290,1,0,103853,99807.0,:99807:103853,--NCCL:ncclSend,PP
230507196973,230507198206,1233,0,1233,NCCL:ncclRecv,563290,563290,1,0,103868,99807.0,:99807:103868,--NCCL:ncclRecv,PP
232489020722,232489026443,5721,0,5721,NCCL:ncclSend,563290,563290,1,0,105833,99807.0,:99807:105833,--NCCL:ncclSend,PP
232489150293,232489151405,1112,0,1112,NCCL:ncclRecv,563290,563290,1,0,105848,99807.0,:99807:105848,--NCCL:ncclRecv,PP
234515455319,234515520625,65306,0,65306,NCCL:ncclReduceScatter,563290,563290,1,0,107821,99807.0,:99807:107821,--NCCL:ncclReduceScatter,DP
234517501703,234517545547,43844,0,43844,NCCL:ncclReduceScatter,563290,563290,1,0,107833,99807.0,:99807:107833,--NCCL:ncclReduceScatter,DP
234519545692,234519577804,32112,0,32112,NCCL:ncclReduceScatter,563290,563290,1,0,107844,99807.0,:99807:107844,--NCCL:ncclReduceScatter,DP
234521512943,234521544214,31271,0,31271,NCCL:ncclReduceScatter,563290,563290,1,0,107854,99807.0,:99807:107854,--NCCL:ncclReduceScatter,DP
234523320957,234523351696,30739,0,30739,NCCL:ncclReduceScatter,563290,563290,1,0,107865,99807.0,:99807:107865,--NCCL:ncclReduceScatter,DP
234525199727,234525234464,34737,0,34737,NCCL:ncclReduceScatter,563290,563290,1,0,107877,99807.0,:99807:107877,--NCCL:ncclReduceScatter,DP
234527119015,234527150626,31611,0,31611,NCCL:ncclReduceScatter,563290,563290,1,0,107888,99807.0,:99807:107888,--NCCL:ncclReduceScatter,DP
234529039676,234529070857,31181,0,31181,NCCL:ncclReduceScatter,563290,563290,1,0,107899,99807.0,:99807:107899,--NCCL:ncclReduceScatter,DP
234530938616,234530979745,41129,0,41129,NCCL:ncclReduceScatter,563290,563290,1,0,107910,99807.0,:99807:107910,--NCCL:ncclReduceScatter,DP
234532839448,234532871450,32002,0,32002,NCCL:ncclReduceScatter,563290,563290,1,0,107922,99807.0,:99807:107922,--NCCL:ncclReduceScatter,DP
234534656259,234534687229,30970,0,30970,NCCL:ncclReduceScatter,563290,563290,1,0,107932,99807.0,:99807:107932,--NCCL:ncclReduceScatter,DP
234536463701,234536495292,31591,0,31591,NCCL:ncclReduceScatter,563290,563290,1,0,107943,99807.0,:99807:107943,--NCCL:ncclReduceScatter,DP
234538326851,234538360386,33535,0,33535,NCCL:ncclReduceScatter,563290,563290,1,0,107954,99807.0,:99807:107954,--NCCL:ncclReduceScatter,DP
234540351213,234540382593,31380,0,31380,NCCL:ncclReduceScatter,563290,563290,1,0,107966,99807.0,:99807:107966,--NCCL:ncclReduceScatter,DP
234542202159,234542233800,31641,0,31641,NCCL:ncclReduceScatter,563290,563290,1,0,107977,99807.0,:99807:107977,--NCCL:ncclReduceScatter,DP
234544041032,234544073275,32243,0,32243,NCCL:ncclReduceScatter,563290,563290,1,0,107988,99807.0,:99807:107988,--NCCL:ncclReduceScatter,DP
234545883402,234545913700,30298,0,30298,NCCL:ncclReduceScatter,563290,563290,1,0,107999,99807.0,:99807:107999,--NCCL:ncclReduceScatter,DP
234546726431,234546732462,6031,0,6031,NCCL:ncclSend,563290,563290,1,0,108006,99807.0,:99807:108006,--NCCL:ncclSend,PP
241508931520,241508942020,10500,0,10500,NCCL:ncclRecv,563290,563290,1,0,108069,108066.0,:108066:108069,--NCCL:ncclRecv,PP
241510107502,241510154754,47252,0,47252,NCCL:ncclAllGather,563290,563290,1,0,108075,108066.0,:108066:108075,--NCCL:ncclAllGather,DP
241511767400,241511824931,57531,0,57531,NCCL:ncclAllGather,563290,563290,1,0,108079,108066.0,:108066:108079,--NCCL:ncclAllGather,DP
241529082947,241529134316,51369,0,51369,NCCL:ncclAllGather,563290,563290,1,0,108137,108066.0,:108066:108137,--NCCL:ncclAllGather,DP
241545305592,241545345540,39948,0,39948,NCCL:ncclAllGather,563290,563290,1,0,108192,108066.0,:108066:108192,--NCCL:ncclAllGather,DP
241561445268,241561485135,39867,0,39867,NCCL:ncclAllGather,563290,563290,1,0,108253,108066.0,:108066:108253,--NCCL:ncclAllGather,DP
241577569082,241577609430,40348,0,40348,NCCL:ncclAllGather,563290,563290,1,0,108312,108066.0,:108066:108312,--NCCL:ncclAllGather,DP
241593801176,241593842275,41099,0,41099,NCCL:ncclAllGather,563290,563290,1,0,108368,108066.0,:108066:108368,--NCCL:ncclAllGather,DP
241609556769,241609593220,36451,0,36451,NCCL:ncclAllGather,563290,563290,1,0,108426,108066.0,:108066:108426,--NCCL:ncclAllGather,DP
241625031149,241625066417,35268,0,35268,NCCL:ncclAllGather,563290,563290,1,0,108487,108066.0,:108066:108487,--NCCL:ncclAllGather,DP
241640454310,241640491021,36711,0,36711,NCCL:ncclAllGather,563290,563290,1,0,108546,108066.0,:108066:108546,--NCCL:ncclAllGather,DP
241656573145,241656613833,40688,0,40688,NCCL:ncclAllGather,563290,563290,1,0,108601,108066.0,:108066:108601,--NCCL:ncclAllGather,DP
241672925250,241672965909,40659,0,40659,NCCL:ncclAllGather,563290,563290,1,0,108662,108066.0,:108066:108662,--NCCL:ncclAllGather,DP
241689282245,241689322934,40689,0,40689,NCCL:ncclAllGather,563290,563290,1,0,108718,108066.0,:108066:108718,--NCCL:ncclAllGather,DP
241705458702,241705501274,42572,0,42572,NCCL:ncclAllGather,563290,563290,1,0,108779,108066.0,:108066:108779,--NCCL:ncclAllGather,DP
241721696647,241721736965,40318,0,40318,NCCL:ncclAllGather,563290,563290,1,0,108836,108066.0,:108066:108836,--NCCL:ncclAllGather,DP
241738010008,241738051037,41029,0,41029,NCCL:ncclAllGather,563290,563290,1,0,108886,108066.0,:108066:108886,--NCCL:ncclAllGather,DP
241754285916,241754325513,39597,0,39597,NCCL:ncclAllGather,563290,563290,1,0,108930,108066.0,:108066:108930,--NCCL:ncclAllGather,DP
245235412863,245235419957,7094,0,7094,NCCL:ncclSend,563290,563290,1,0,110102,108066.0,:108066:110102,--NCCL:ncclSend,PP
245235496424,245235497326,902,0,902,NCCL:ncclRecv,563290,563290,1,0,110107,108066.0,:108066:110107,--NCCL:ncclRecv,PP
247218588584,247218594756,6172,0,6172,NCCL:ncclSend,563290,563290,1,0,112089,108066.0,:108066:112089,--NCCL:ncclSend,PP
247218730027,247218731240,1213,0,1213,NCCL:ncclRecv,563290,563290,1,0,112104,108066.0,:108066:112104,--NCCL:ncclRecv,PP
249230881836,249230886135,4299,0,4299,NCCL:ncclSend,563290,563290,1,0,114089,108066.0,:108066:114089,--NCCL:ncclSend,PP
249230990967,249230991989,1022,0,1022,NCCL:ncclRecv,563290,563290,1,0,114101,108066.0,:108066:114101,--NCCL:ncclRecv,PP
251218068517,251218128904,60387,0,60387,NCCL:ncclReduceScatter,563290,563290,1,0,116064,108066.0,:108066:116064,--NCCL:ncclReduceScatter,DP
251220240103,251220271574,31471,0,31471,NCCL:ncclReduceScatter,563290,563290,1,0,116076,108066.0,:108066:116076,--NCCL:ncclReduceScatter,DP
251222288962,251222318569,29607,0,29607,NCCL:ncclReduceScatter,563290,563290,1,0,116088,108066.0,:108066:116088,--NCCL:ncclReduceScatter,DP
251224315859,251224345566,29707,0,29707,NCCL:ncclReduceScatter,563290,563290,1,0,116098,108066.0,:108066:116098,--NCCL:ncclReduceScatter,DP
251226060790,251226087462,26672,0,26672,NCCL:ncclReduceScatter,563290,563290,1,0,116109,108066.0,:108066:116109,--NCCL:ncclReduceScatter,DP
251227836120,251227868473,32353,0,32353,NCCL:ncclReduceScatter,563290,563290,1,0,116121,108066.0,:108066:116121,--NCCL:ncclReduceScatter,DP
251229562897,251229596181,33284,0,33284,NCCL:ncclReduceScatter,563290,563290,1,0,116132,108066.0,:108066:116132,--NCCL:ncclReduceScatter,DP
251231555146,251231590936,35790,0,35790,NCCL:ncclReduceScatter,563290,563290,1,0,116142,108066.0,:108066:116142,--NCCL:ncclReduceScatter,DP
251233350936,251233379431,28495,0,28495,NCCL:ncclReduceScatter,563290,563290,1,0,116153,108066.0,:108066:116153,--NCCL:ncclReduceScatter,DP
251235120616,251235151475,30859,0,30859,NCCL:ncclReduceScatter,563290,563290,1,0,116165,108066.0,:108066:116165,--NCCL:ncclReduceScatter,DP
251236910494,251236940672,30178,0,30178,NCCL:ncclReduceScatter,563290,563290,1,0,116175,108066.0,:108066:116175,--NCCL:ncclReduceScatter,DP
251238696846,251238727354,30508,0,30508,NCCL:ncclReduceScatter,563290,563290,1,0,116186,108066.0,:108066:116186,--NCCL:ncclReduceScatter,DP
251240505140,251240534877,29737,0,29737,NCCL:ncclReduceScatter,563290,563290,1,0,116197,108066.0,:108066:116197,--NCCL:ncclReduceScatter,DP
251242142794,251242171048,28254,0,28254,NCCL:ncclReduceScatter,563290,563290,1,0,116209,108066.0,:108066:116209,--NCCL:ncclReduceScatter,DP
251243986256,251244017606,31350,0,31350,NCCL:ncclReduceScatter,563290,563290,1,0,116221,108066.0,:108066:116221,--NCCL:ncclReduceScatter,DP
251245617227,251245645502,28275,0,28275,NCCL:ncclReduceScatter,563290,563290,1,0,116231,108066.0,:108066:116231,--NCCL:ncclReduceScatter,DP
251247332121,251247363682,31561,0,31561,NCCL:ncclReduceScatter,563290,563290,1,0,116242,108066.0,:108066:116242,--NCCL:ncclReduceScatter,DP
251248175210,251248180991,5781,0,5781,NCCL:ncclSend,563290,563290,1,0,116249,108066.0,:108066:116249,--NCCL:ncclSend,PP
258553114703,258553120254,5551,0,5551,NCCL:ncclRecv,563290,563290,1,0,116313,116296.0,:116296:116313,--NCCL:ncclRecv,PP
258554229397,258554289564,60167,0,60167,NCCL:ncclAllGather,563290,563290,1,0,116319,116296.0,:116296:116319,--NCCL:ncclAllGather,DP
258555483140,258555513849,30709,0,30709,NCCL:ncclAllGather,563290,563290,1,0,116323,116296.0,:116296:116323,--NCCL:ncclAllGather,DP
258569418035,258569446520,28485,0,28485,NCCL:ncclAllGather,563290,563290,1,0,116367,116296.0,:116296:116367,--NCCL:ncclAllGather,DP
258581483949,258581512233,28284,0,28284,NCCL:ncclAllGather,563290,563290,1,0,116413,116296.0,:116296:116413,--NCCL:ncclAllGather,DP
258593333495,258593367470,33975,0,33975,NCCL:ncclAllGather,563290,563290,1,0,116459,116296.0,:116296:116459,--NCCL:ncclAllGather,DP
258604784180,258604811803,27623,0,27623,NCCL:ncclAllGather,563290,563290,1,0,116508,116296.0,:116296:116508,--NCCL:ncclAllGather,DP
258616291985,258616319809,27824,0,27824,NCCL:ncclAllGather,563290,563290,1,0,116555,116296.0,:116296:116555,--NCCL:ncclAllGather,DP
258628137233,258628166770,29537,0,29537,NCCL:ncclAllGather,563290,563290,1,0,116601,116296.0,:116296:116601,--NCCL:ncclAllGather,DP
258639658424,258639689725,31301,0,31301,NCCL:ncclAllGather,563290,563290,1,0,116644,116296.0,:116296:116644,--NCCL:ncclAllGather,DP
258651597573,258651624535,26962,0,26962,NCCL:ncclAllGather,563290,563290,1,0,116693,116296.0,:116296:116693,--NCCL:ncclAllGather,DP
258663859095,258663889975,30880,0,30880,NCCL:ncclAllGather,563290,563290,1,0,116742,116296.0,:116296:116742,--NCCL:ncclAllGather,DP
258676040943,258676072634,31691,0,31691,NCCL:ncclAllGather,563290,563290,1,0,116786,116296.0,:116296:116786,--NCCL:ncclAllGather,DP
258687648431,258687679371,30940,0,30940,NCCL:ncclAllGather,563290,563290,1,0,116832,116296.0,:116296:116832,--NCCL:ncclAllGather,DP
258699124645,258699156497,31852,0,31852,NCCL:ncclAllGather,563290,563290,1,0,116878,116296.0,:116296:116878,--NCCL:ncclAllGather,DP
258710542617,258710570381,27764,0,27764,NCCL:ncclAllGather,563290,563290,1,0,116924,116296.0,:116296:116924,--NCCL:ncclAllGather,DP
258722799310,258722829498,30188,0,30188,NCCL:ncclAllGather,563290,563290,1,0,116972,116296.0,:116296:116972,--NCCL:ncclAllGather,DP
258734843021,258734873249,30228,0,30228,NCCL:ncclAllGather,563290,563290,1,0,117017,116296.0,:116296:117017,--NCCL:ncclAllGather,DP
262237704714,262237711396,6682,0,6682,NCCL:ncclSend,563290,563290,1,0,118345,116296.0,:116296:118345,--NCCL:ncclSend,PP
262237782634,262237783546,912,0,912,NCCL:ncclRecv,563290,563290,1,0,118351,116296.0,:116296:118351,--NCCL:ncclRecv,PP
264219709101,264219712758,3657,0,3657,NCCL:ncclSend,563290,563290,1,0,120335,116296.0,:116296:120335,--NCCL:ncclSend,PP
264219823673,264219824985,1312,0,1312,NCCL:ncclRecv,563290,563290,1,0,120345,116296.0,:116296:120345,--NCCL:ncclRecv,PP
266204875689,266204880288,4599,0,4599,NCCL:ncclSend,563290,563290,1,0,122327,116296.0,:116296:122327,--NCCL:ncclSend,PP
266204986754,266204987836,1082,0,1082,NCCL:ncclRecv,563290,563290,1,0,122341,116296.0,:116296:122341,--NCCL:ncclRecv,PP
268218708536,268218777540,69004,0,69004,NCCL:ncclReduceScatter,563290,563290,1,0,124311,116296.0,:116296:124311,--NCCL:ncclReduceScatter,DP
268220831388,268220869261,37873,0,37873,NCCL:ncclReduceScatter,563290,563290,1,0,124323,116296.0,:116296:124323,--NCCL:ncclReduceScatter,DP
268222825421,268222860719,35298,0,35298,NCCL:ncclReduceScatter,563290,563290,1,0,124335,116296.0,:116296:124335,--NCCL:ncclReduceScatter,DP
268225233915,268225264985,31070,0,31070,NCCL:ncclReduceScatter,563290,563290,1,0,124348,116296.0,:116296:124348,--NCCL:ncclReduceScatter,DP
268226969558,268227000758,31200,0,31200,NCCL:ncclReduceScatter,563290,563290,1,0,124358,116296.0,:116296:124358,--NCCL:ncclReduceScatter,DP
268228873677,268228913334,39657,0,39657,NCCL:ncclReduceScatter,563290,563290,1,0,124370,116296.0,:116296:124370,--NCCL:ncclReduceScatter,DP
268230687973,268230719614,31641,0,31641,NCCL:ncclReduceScatter,563290,563290,1,0,124381,116296.0,:116296:124381,--NCCL:ncclReduceScatter,DP
268232525814,268232555371,29557,0,29557,NCCL:ncclReduceScatter,563290,563290,1,0,124393,116296.0,:116296:124393,--NCCL:ncclReduceScatter,DP
268234330030,268234361461,31431,0,31431,NCCL:ncclReduceScatter,563290,563290,1,0,124403,116296.0,:116296:124403,--NCCL:ncclReduceScatter,DP
268236243477,268236273125,29648,0,29648,NCCL:ncclReduceScatter,563290,563290,1,0,124415,116296.0,:116296:124415,--NCCL:ncclReduceScatter,DP
268237976145,268238015231,39086,0,39086,NCCL:ncclReduceScatter,563290,563290,1,0,124426,116296.0,:116296:124426,--NCCL:ncclReduceScatter,DP
268239842922,268239875746,32824,0,32824,NCCL:ncclReduceScatter,563290,563290,1,0,124438,116296.0,:116296:124438,--NCCL:ncclReduceScatter,DP
268241612341,268241641137,28796,0,28796,NCCL:ncclReduceScatter,563290,563290,1,0,124448,116296.0,:116296:124448,--NCCL:ncclReduceScatter,DP
268243461875,268243493406,31531,0,31531,NCCL:ncclReduceScatter,563290,563290,1,0,124459,116296.0,:116296:124459,--NCCL:ncclReduceScatter,DP
268245198661,268245228719,30058,0,30058,NCCL:ncclReduceScatter,563290,563290,1,0,124470,116296.0,:116296:124470,--NCCL:ncclReduceScatter,DP
268246984461,268247018447,33986,0,33986,NCCL:ncclReduceScatter,563290,563290,1,0,124482,116296.0,:116296:124482,--NCCL:ncclReduceScatter,DP
268248836079,268248866688,30609,0,30609,NCCL:ncclReduceScatter,563290,563290,1,0,124495,116296.0,:116296:124495,--NCCL:ncclReduceScatter,DP
268249518177,268249521924,3747,0,3747,NCCL:ncclSend,563290,563290,1,0,124501,116296.0,:116296:124501,--NCCL:ncclSend,PP
275299118071,275299123893,5822,0,5822,NCCL:ncclRecv,563290,563290,1,0,124557,124544.0,:124544:124557,--NCCL:ncclRecv,PP
275300161407,275300201715,40308,0,40308,NCCL:ncclAllGather,563290,563290,1,0,124562,124544.0,:124544:124562,--NCCL:ncclAllGather,DP
275301661957,275301696163,34206,0,34206,NCCL:ncclAllGather,563290,563290,1,0,124567,124544.0,:124544:124567,--NCCL:ncclAllGather,DP
275315990242,275316022785,32543,0,32543,NCCL:ncclAllGather,563290,563290,1,0,124613,124544.0,:124544:124613,--NCCL:ncclAllGather,DP
275328951556,275328986563,35007,0,35007,NCCL:ncclAllGather,563290,563290,1,0,124662,124544.0,:124544:124662,--NCCL:ncclAllGather,DP
275342536094,275342575941,39847,0,39847,NCCL:ncclAllGather,563290,563290,1,0,124708,124544.0,:124544:124708,--NCCL:ncclAllGather,DP
275355984399,275356017583,33184,0,33184,NCCL:ncclAllGather,563290,563290,1,0,124754,124544.0,:124544:124754,--NCCL:ncclAllGather,DP
275368969890,275368999677,29787,0,29787,NCCL:ncclAllGather,563290,563290,1,0,124806,124544.0,:124544:124806,--NCCL:ncclAllGather,DP
275381627156,275381655020,27864,0,27864,NCCL:ncclAllGather,563290,563290,1,0,124858,124544.0,:124544:124858,--NCCL:ncclAllGather,DP
275393934817,275393962811,27994,0,27994,NCCL:ncclAllGather,563290,563290,1,0,124904,124544.0,:124544:124904,--NCCL:ncclAllGather,DP
275406645396,275406677990,32594,0,32594,NCCL:ncclAllGather,563290,563290,1,0,124951,124544.0,:124544:124951,--NCCL:ncclAllGather,DP
275419824401,275419854960,30559,0,30559,NCCL:ncclAllGather,563290,563290,1,0,125000,124544.0,:124544:125000,--NCCL:ncclAllGather,DP
275432650835,275432678829,27994,0,27994,NCCL:ncclAllGather,563290,563290,1,0,125043,124544.0,:124544:125043,--NCCL:ncclAllGather,DP
275444915793,275444943326,27533,0,27533,NCCL:ncclAllGather,563290,563290,1,0,125093,124544.0,:124544:125093,--NCCL:ncclAllGather,DP
275457244825,275457284522,39697,0,39697,NCCL:ncclAllGather,563290,563290,1,0,125142,124544.0,:124544:125142,--NCCL:ncclAllGather,DP
275470131204,275470160781,29577,0,29577,NCCL:ncclAllGather,563290,563290,1,0,125190,124544.0,:124544:125190,--NCCL:ncclAllGather,DP
275483260513,275483291904,31391,0,31391,NCCL:ncclAllGather,563290,563290,1,0,125235,124544.0,:124544:125235,--NCCL:ncclAllGather,DP
275495768992,275495800102,31110,0,31110,NCCL:ncclAllGather,563290,563290,1,0,125281,124544.0,:124544:125281,--NCCL:ncclAllGather,DP
278991995043,278992002067,7024,0,7024,NCCL:ncclSend,563290,563290,1,0,126589,124544.0,:124544:126589,--NCCL:ncclSend,PP
278992074667,278992076260,1593,0,1593,NCCL:ncclRecv,563290,563290,1,0,126595,124544.0,:124544:126595,--NCCL:ncclRecv,PP
280973062721,280973073753,11032,0,11032,NCCL:ncclSend,563290,563290,1,0,128583,124544.0,:124544:128583,--NCCL:ncclSend,PP
280973214174,280973215957,1783,0,1783,NCCL:ncclRecv,563290,563290,1,0,128597,124544.0,:124544:128597,--NCCL:ncclRecv,PP
282979179639,282979184699,5060,0,5060,NCCL:ncclSend,563290,563290,1,0,130565,124544.0,:124544:130565,--NCCL:ncclSend,PP
282979303419,282979304511,1092,0,1092,NCCL:ncclRecv,563290,563290,1,0,130580,124544.0,:124544:130580,--NCCL:ncclRecv,PP
285007026645,285007076050,49405,0,49405,NCCL:ncclReduceScatter,563290,563290,1,0,132553,124544.0,:124544:132553,--NCCL:ncclReduceScatter,DP
285009629935,285009670423,40488,0,40488,NCCL:ncclReduceScatter,563290,563290,1,0,132567,124544.0,:124544:132567,--NCCL:ncclReduceScatter,DP
285012089297,285012133202,43905,0,43905,NCCL:ncclReduceScatter,563290,563290,1,0,132582,124544.0,:124544:132582,--NCCL:ncclReduceScatter,DP
285014465148,285014511006,45858,0,45858,NCCL:ncclReduceScatter,563290,563290,1,0,132595,124544.0,:124544:132595,--NCCL:ncclReduceScatter,DP
285016809457,285016846589,37132,0,37132,NCCL:ncclReduceScatter,563290,563290,1,0,132609,124544.0,:124544:132609,--NCCL:ncclReduceScatter,DP
285019082659,285019123037,40378,0,40378,NCCL:ncclReduceScatter,563290,563290,1,0,132624,124544.0,:124544:132624,--NCCL:ncclReduceScatter,DP
285021514278,285021557892,43614,0,43614,NCCL:ncclReduceScatter,563290,563290,1,0,132637,124544.0,:124544:132637,--NCCL:ncclReduceScatter,DP
285023878847,285023914846,35999,0,35999,NCCL:ncclReduceScatter,563290,563290,1,0,132651,124544.0,:124544:132651,--NCCL:ncclReduceScatter,DP
285026088556,285026125107,36551,0,36551,NCCL:ncclReduceScatter,563290,563290,1,0,132666,124544.0,:124544:132666,--NCCL:ncclReduceScatter,DP
285028449939,285028490488,40549,0,40549,NCCL:ncclReduceScatter,563290,563290,1,0,132679,124544.0,:124544:132679,--NCCL:ncclReduceScatter,DP
285030826411,285030867150,40739,0,40739,NCCL:ncclReduceScatter,563290,563290,1,0,132692,124544.0,:124544:132692,--NCCL:ncclReduceScatter,DP
285033212451,285033253500,41049,0,41049,NCCL:ncclReduceScatter,563290,563290,1,0,132705,124544.0,:124544:132705,--NCCL:ncclReduceScatter,DP
285035477458,285035517585,40127,0,40127,NCCL:ncclReduceScatter,563290,563290,1,0,132720,124544.0,:124544:132720,--NCCL:ncclReduceScatter,DP
285037893686,285037930508,36822,0,36822,NCCL:ncclReduceScatter,563290,563290,1,0,132738,124544.0,:124544:132738,--NCCL:ncclReduceScatter,DP
285040143183,285040183711,40528,0,40528,NCCL:ncclReduceScatter,563290,563290,1,0,132744,124544.0,:124544:132744,--NCCL:ncclReduceScatter,DP
285042594509,285042634657,40148,0,40148,NCCL:ncclReduceScatter,563290,563290,1,0,132750,124544.0,:124544:132750,--NCCL:ncclReduceScatter,DP
285044890576,285044926205,35629,0,35629,NCCL:ncclReduceScatter,563290,563290,1,0,132756,124544.0,:124544:132756,--NCCL:ncclReduceScatter,DP
285045913643,285045920446,6803,0,6803,NCCL:ncclSend,563290,563290,1,0,132760,124544.0,:124544:132760,--NCCL:ncclSend,PP
292007059926,292007065547,5621,0,5621,NCCL:ncclRecv,563290,563290,1,0,132796,132782.0,:132782:132796,--NCCL:ncclRecv,PP
292008079957,292008123982,44025,0,44025,NCCL:ncclAllGather,563290,563290,1,0,132805,132782.0,:132782:132805,--NCCL:ncclAllGather,DP
292009607298,292009648297,40999,0,40999,NCCL:ncclAllGather,563290,563290,1,0,132809,132782.0,:132782:132809,--NCCL:ncclAllGather,DP
292025357080,292025394152,37072,0,37072,NCCL:ncclAllGather,563290,563290,1,0,132858,132782.0,:132782:132858,--NCCL:ncclAllGather,DP
292040261659,292040302297,40638,0,40638,NCCL:ncclAllGather,563290,563290,1,0,132910,132782.0,:132782:132910,--NCCL:ncclAllGather,DP
292054985909,292055043581,57672,0,57672,NCCL:ncclAllGather,563290,563290,1,0,132962,132782.0,:132782:132962,--NCCL:ncclAllGather,DP
292069774905,292069812257,37352,0,37352,NCCL:ncclAllGather,563290,563290,1,0,133014,132782.0,:132782:133014,--NCCL:ncclAllGather,DP
292084173315,292084209946,36631,0,36631,NCCL:ncclAllGather,563290,563290,1,0,133069,132782.0,:132782:133069,--NCCL:ncclAllGather,DP
292098842880,292098891664,48784,0,48784,NCCL:ncclAllGather,563290,563290,1,0,133125,132782.0,:132782:133125,--NCCL:ncclAllGather,DP
292113518656,292113556159,37503,0,37503,NCCL:ncclAllGather,563290,563290,1,0,133177,132782.0,:132782:133177,--NCCL:ncclAllGather,DP
292128981514,292129022123,40609,0,40609,NCCL:ncclAllGather,563290,563290,1,0,133229,132782.0,:132782:133229,--NCCL:ncclAllGather,DP
292144326644,292144366882,40238,0,40238,NCCL:ncclAllGather,563290,563290,1,0,133281,132782.0,:132782:133281,--NCCL:ncclAllGather,DP
292159374470,292159414998,40528,0,40528,NCCL:ncclAllGather,563290,563290,1,0,133330,132782.0,:132782:133330,--NCCL:ncclAllGather,DP
292174100323,292174136984,36661,0,36661,NCCL:ncclAllGather,563290,563290,1,0,133379,132782.0,:132782:133379,--NCCL:ncclAllGather,DP
292188650627,292188686827,36200,0,36200,NCCL:ncclAllGather,563290,563290,1,0,133427,132782.0,:132782:133427,--NCCL:ncclAllGather,DP
292203896105,292203935551,39446,0,39446,NCCL:ncclAllGather,563290,563290,1,0,133483,132782.0,:132782:133483,--NCCL:ncclAllGather,DP
292218932067,292218968027,35960,0,35960,NCCL:ncclAllGather,563290,563290,1,0,133538,132782.0,:132782:133538,--NCCL:ncclAllGather,DP
292234184308,292234231409,47101,0,47101,NCCL:ncclAllGather,563290,563290,1,0,133592,132782.0,:132782:133592,--NCCL:ncclAllGather,DP
295611297017,295611302338,5321,0,5321,NCCL:ncclSend,563290,563290,1,0,134839,132782.0,:132782:134839,--NCCL:ncclSend,PP
295611376140,295611377332,1192,0,1192,NCCL:ncclRecv,563290,563290,1,0,134846,132782.0,:132782:134846,--NCCL:ncclRecv,PP
297595217137,297595222607,5470,0,5470,NCCL:ncclSend,563290,563290,1,0,136821,132782.0,:132782:136821,--NCCL:ncclSend,PP
297595306239,297595307481,1242,0,1242,NCCL:ncclRecv,563290,563290,1,0,136836,132782.0,:132782:136836,--NCCL:ncclRecv,PP
299580270897,299580274624,3727,0,3727,NCCL:ncclSend,563290,563290,1,0,138811,132782.0,:132782:138811,--NCCL:ncclSend,PP
299580382272,299580383234,962,0,962,NCCL:ncclRecv,563290,563290,1,0,138820,132782.0,:132782:138820,--NCCL:ncclRecv,PP
301567138802,301567210450,71648,0,71648,NCCL:ncclReduceScatter,563290,563290,1,0,140796,132782.0,:132782:140796,--NCCL:ncclReduceScatter,DP
301569142403,301569185606,43203,0,43203,NCCL:ncclReduceScatter,563290,563290,1,0,140808,132782.0,:132782:140808,--NCCL:ncclReduceScatter,DP
301571111167,301571141315,30148,0,30148,NCCL:ncclReduceScatter,563290,563290,1,0,140821,132782.0,:132782:140821,--NCCL:ncclReduceScatter,DP
301573258606,301573289747,31141,0,31141,NCCL:ncclReduceScatter,563290,563290,1,0,140833,132782.0,:132782:140833,--NCCL:ncclReduceScatter,DP
301575162565,301575193194,30629,0,30629,NCCL:ncclReduceScatter,563290,563290,1,0,140845,132782.0,:132782:140845,--NCCL:ncclReduceScatter,DP
301576773989,301576807273,33284,0,33284,NCCL:ncclReduceScatter,563290,563290,1,0,140857,132782.0,:132782:140857,--NCCL:ncclReduceScatter,DP
301578499022,301578529671,30649,0,30649,NCCL:ncclReduceScatter,563290,563290,1,0,140869,132782.0,:132782:140869,--NCCL:ncclReduceScatter,DP
301580157456,301580186723,29267,0,29267,NCCL:ncclReduceScatter,563290,563290,1,0,140881,132782.0,:132782:140881,--NCCL:ncclReduceScatter,DP
301581900685,301581932997,32312,0,32312,NCCL:ncclReduceScatter,563290,563290,1,0,140893,132782.0,:132782:140893,--NCCL:ncclReduceScatter,DP
301583770397,301583799463,29066,0,29066,NCCL:ncclReduceScatter,563290,563290,1,0,140905,132782.0,:132782:140905,--NCCL:ncclReduceScatter,DP
301585484750,301585513235,28485,0,28485,NCCL:ncclReduceScatter,563290,563290,1,0,140917,132782.0,:132782:140917,--NCCL:ncclReduceScatter,DP
301587238488,301587266963,28475,0,28475,NCCL:ncclReduceScatter,563290,563290,1,0,140928,132782.0,:132782:140928,--NCCL:ncclReduceScatter,DP
301588955686,301588986416,30730,0,30730,NCCL:ncclReduceScatter,563290,563290,1,0,140939,132782.0,:132782:140939,--NCCL:ncclReduceScatter,DP
301590633839,301590665500,31661,0,31661,NCCL:ncclReduceScatter,563290,563290,1,0,140951,132782.0,:132782:140951,--NCCL:ncclReduceScatter,DP
301592382939,301592417666,34727,0,34727,NCCL:ncclReduceScatter,563290,563290,1,0,140963,132782.0,:132782:140963,--NCCL:ncclReduceScatter,DP
301594190832,301594220760,29928,0,29928,NCCL:ncclReduceScatter,563290,563290,1,0,140975,132782.0,:132782:140975,--NCCL:ncclReduceScatter,DP
301595959379,301595988435,29056,0,29056,NCCL:ncclReduceScatter,563290,563290,1,0,140986,132782.0,:132782:140986,--NCCL:ncclReduceScatter,DP
301596774043,301596781017,6974,0,6974,NCCL:ncclSend,563290,563290,1,0,140992,132782.0,:132782:140992,--NCCL:ncclSend,PP
308408992978,308408998047,5069,0,5069,NCCL:ncclRecv,563290,563290,1,0,141045,141037.0,:141037:141045,--NCCL:ncclRecv,PP
308410359328,308410399726,40398,0,40398,NCCL:ncclAllGather,563290,563290,1,0,141052,141037.0,:141037:141052,--NCCL:ncclAllGather,DP
308411780103,308411810692,30589,0,30589,NCCL:ncclAllGather,563290,563290,1,0,141054,141037.0,:141037:141054,--NCCL:ncclAllGather,DP
308425816364,308425845059,28695,0,28695,NCCL:ncclAllGather,563290,563290,1,0,141105,141037.0,:141037:141105,--NCCL:ncclAllGather,DP
308438220301,308438256831,36530,0,36530,NCCL:ncclAllGather,563290,563290,1,0,141151,141037.0,:141037:141151,--NCCL:ncclAllGather,DP
308450988572,308451019101,30529,0,30529,NCCL:ncclAllGather,563290,563290,1,0,141197,141037.0,:141037:141197,--NCCL:ncclAllGather,DP
308463590271,308463623545,33274,0,33274,NCCL:ncclAllGather,563290,563290,1,0,141246,141037.0,:141037:141246,--NCCL:ncclAllGather,DP
308476632962,308476663471,30509,0,30509,NCCL:ncclAllGather,563290,563290,1,0,141295,141037.0,:141037:141295,--NCCL:ncclAllGather,DP
308489762050,308489793120,31070,0,31070,NCCL:ncclAllGather,563290,563290,1,0,141339,141037.0,:141037:141339,--NCCL:ncclAllGather,DP
308502778250,308502808899,30649,0,30649,NCCL:ncclAllGather,563290,563290,1,0,141385,141037.0,:141037:141385,--NCCL:ncclAllGather,DP
308515959429,308515990940,31511,0,31511,NCCL:ncclAllGather,563290,563290,1,0,141431,141037.0,:141037:141431,--NCCL:ncclAllGather,DP
308528906165,308528936924,30759,0,30759,NCCL:ncclAllGather,563290,563290,1,0,141480,141037.0,:141037:141480,--NCCL:ncclAllGather,DP
308541903208,308541933887,30679,0,30679,NCCL:ncclAllGather,563290,563290,1,0,141526,141037.0,:141037:141526,--NCCL:ncclAllGather,DP
308554824685,308554855114,30429,0,30429,NCCL:ncclAllGather,563290,563290,1,0,141573,141037.0,:141037:141573,--NCCL:ncclAllGather,DP
308567768575,308567799876,31301,0,31301,NCCL:ncclAllGather,563290,563290,1,0,141619,141037.0,:141037:141619,--NCCL:ncclAllGather,DP
308580608685,308580639735,31050,0,31050,NCCL:ncclAllGather,563290,563290,1,0,141662,141037.0,:141037:141662,--NCCL:ncclAllGather,DP
308593862775,308593894967,32192,0,32192,NCCL:ncclAllGather,563290,563290,1,0,141714,141037.0,:141037:141714,--NCCL:ncclAllGather,DP
308606748262,308606780374,32112,0,32112,NCCL:ncclAllGather,563290,563290,1,0,141760,141037.0,:141037:141760,--NCCL:ncclAllGather,DP
312058542382,312058548974,6592,0,6592,NCCL:ncclSend,563290,563290,1,0,143077,141037.0,:141037:143077,--NCCL:ncclSend,PP
312058734433,312058736096,1663,0,1663,NCCL:ncclRecv,563290,563290,1,0,143092,141037.0,:141037:143092,--NCCL:ncclRecv,PP
314049376390,314049381109,4719,0,4719,NCCL:ncclSend,563290,563290,1,0,145064,141037.0,:141037:145064,--NCCL:ncclSend,PP
314049501222,314049502223,1001,0,1001,NCCL:ncclRecv,563290,563290,1,0,145074,141037.0,:141037:145074,--NCCL:ncclRecv,PP
316034946568,316034951177,4609,0,4609,NCCL:ncclSend,563290,563290,1,0,147053,141037.0,:141037:147053,--NCCL:ncclSend,PP
316035073533,316035075878,2345,0,2345,NCCL:ncclRecv,563290,563290,1,0,147065,141037.0,:141037:147065,--NCCL:ncclRecv,PP
318029046236,318029109188,62952,0,62952,NCCL:ncclReduceScatter,563290,563290,1,0,149041,141037.0,:141037:149041,--NCCL:ncclReduceScatter,DP
318031042413,318031093151,50738,0,50738,NCCL:ncclReduceScatter,563290,563290,1,0,149053,141037.0,:141037:149053,--NCCL:ncclReduceScatter,DP
318033050864,318033083166,32302,0,32302,NCCL:ncclReduceScatter,563290,563290,1,0,149063,141037.0,:141037:149063,--NCCL:ncclReduceScatter,DP
318034959632,318034988298,28666,0,28666,NCCL:ncclReduceScatter,563290,563290,1,0,149075,141037.0,:141037:149075,--NCCL:ncclReduceScatter,DP
318036714303,318036746755,32452,0,32452,NCCL:ncclReduceScatter,563290,563290,1,0,149086,141037.0,:141037:149086,--NCCL:ncclReduceScatter,DP
318038303653,318038335145,31492,0,31492,NCCL:ncclReduceScatter,563290,563290,1,0,149098,141037.0,:141037:149098,--NCCL:ncclReduceScatter,DP
318040086609,318040116767,30158,0,30158,NCCL:ncclReduceScatter,563290,563290,1,0,149109,141037.0,:141037:149109,--NCCL:ncclReduceScatter,DP
318041843433,318041872339,28906,0,28906,NCCL:ncclReduceScatter,563290,563290,1,0,149120,141037.0,:141037:149120,--NCCL:ncclReduceScatter,DP
318043550351,318043586401,36050,0,36050,NCCL:ncclReduceScatter,563290,563290,1,0,149131,141037.0,:141037:149131,--NCCL:ncclReduceScatter,DP
318045735513,318045765932,30419,0,30419,NCCL:ncclReduceScatter,563290,563290,1,0,149144,141037.0,:141037:149144,--NCCL:ncclReduceScatter,DP
318047443323,318047472870,29547,0,29547,NCCL:ncclReduceScatter,563290,563290,1,0,149156,141037.0,:141037:149156,--NCCL:ncclReduceScatter,DP
318049067742,318049096698,28956,0,28956,NCCL:ncclReduceScatter,563290,563290,1,0,149166,141037.0,:141037:149166,--NCCL:ncclReduceScatter,DP
318050738410,318050766344,27934,0,27934,NCCL:ncclReduceScatter,563290,563290,1,0,149177,141037.0,:141037:149177,--NCCL:ncclReduceScatter,DP
318052422625,318052450579,27954,0,27954,NCCL:ncclReduceScatter,563290,563290,1,0,149189,141037.0,:141037:149189,--NCCL:ncclReduceScatter,DP
318054126918,318054158078,31160,0,31160,NCCL:ncclReduceScatter,563290,563290,1,0,149200,141037.0,:141037:149200,--NCCL:ncclReduceScatter,DP
318055791624,318055819879,28255,0,28255,NCCL:ncclReduceScatter,563290,563290,1,0,149210,141037.0,:141037:149210,--NCCL:ncclReduceScatter,DP
318057449898,318057478473,28575,0,28575,NCCL:ncclReduceScatter,563290,563290,1,0,149222,141037.0,:141037:149222,--NCCL:ncclReduceScatter,DP
318058258441,318058264983,6542,0,6542,NCCL:ncclSend,563290,563290,1,0,149231,141037.0,:141037:149231,--NCCL:ncclSend,PP
325178086220,325178091229,5009,0,5009,NCCL:ncclRecv,563290,563290,1,0,149280,149271.0,:149271:149280,--NCCL:ncclRecv,PP
325179050553,325179093426,42873,0,42873,NCCL:ncclAllGather,563290,563290,1,0,149292,149271.0,:149271:149292,--NCCL:ncclAllGather,DP
325180520804,325180578255,57451,0,57451,NCCL:ncclAllGather,563290,563290,1,0,149297,149271.0,:149271:149297,--NCCL:ncclAllGather,DP
325196623818,325196659297,35479,0,35479,NCCL:ncclAllGather,563290,563290,1,0,149353,149271.0,:149271:149353,--NCCL:ncclAllGather,DP
325212016370,325212058181,41811,0,41811,NCCL:ncclAllGather,563290,563290,1,0,149408,149271.0,:149271:149408,--NCCL:ncclAllGather,DP
325227455952,325227494807,38855,0,38855,NCCL:ncclAllGather,563290,563290,1,0,149463,149271.0,:149271:149463,--NCCL:ncclAllGather,DP
325242536621,325242579624,43003,0,43003,NCCL:ncclAllGather,563290,563290,1,0,149524,149271.0,:149271:149524,--NCCL:ncclAllGather,DP
325257695571,325257731892,36321,0,36321,NCCL:ncclAllGather,563290,563290,1,0,149584,149271.0,:149271:149584,--NCCL:ncclAllGather,DP
325272875923,325272912153,36230,0,36230,NCCL:ncclAllGather,563290,563290,1,0,149642,149271.0,:149271:149642,--NCCL:ncclAllGather,DP
325287968876,325288005407,36531,0,36531,NCCL:ncclAllGather,563290,563290,1,0,149694,149271.0,:149271:149694,--NCCL:ncclAllGather,DP
325303528200,325303568227,40027,0,40027,NCCL:ncclAllGather,563290,563290,1,0,149758,149271.0,:149271:149758,--NCCL:ncclAllGather,DP
325318781573,325318821359,39786,0,39786,NCCL:ncclAllGather,563290,563290,1,0,149818,149271.0,:149271:149818,--NCCL:ncclAllGather,DP
325334216516,325334260120,43604,0,43604,NCCL:ncclAllGather,563290,563290,1,0,149876,149271.0,:149271:149876,--NCCL:ncclAllGather,DP
325349721836,325349757555,35719,0,35719,NCCL:ncclAllGather,563290,563290,1,0,149931,149271.0,:149271:149931,--NCCL:ncclAllGather,DP
325364951893,325364988394,36501,0,36501,NCCL:ncclAllGather,563290,563290,1,0,149992,149271.0,:149271:149992,--NCCL:ncclAllGather,DP
325380095644,325380133497,37853,0,37853,NCCL:ncclAllGather,563290,563290,1,0,150053,149271.0,:149271:150053,--NCCL:ncclAllGather,DP
325395161224,325395201602,40378,0,40378,NCCL:ncclAllGather,563290,563290,1,0,150103,149271.0,:149271:150103,--NCCL:ncclAllGather,DP
325410483129,325410523718,40589,0,40589,NCCL:ncclAllGather,563290,563290,1,0,150144,149271.0,:149271:150144,--NCCL:ncclAllGather,DP
328804046966,328804057436,10470,0,10470,NCCL:ncclSend,563290,563290,1,0,151321,149271.0,:149271:151321,--NCCL:ncclSend,PP
328804128182,328804129004,822,0,822,NCCL:ncclRecv,563290,563290,1,0,151327,149271.0,:149271:151327,--NCCL:ncclRecv,PP
330785868430,330785872758,4328,0,4328,NCCL:ncclSend,563290,563290,1,0,153318,149271.0,:149271:153318,--NCCL:ncclSend,PP
330785988121,330785989113,992,0,992,NCCL:ncclRecv,563290,563290,1,0,153325,149271.0,:149271:153325,--NCCL:ncclRecv,PP
332791194891,332791199440,4549,0,4549,NCCL:ncclSend,563290,563290,1,0,155297,149271.0,:149271:155297,--NCCL:ncclSend,PP
332791309963,332791313620,3657,0,3657,NCCL:ncclRecv,563290,563290,1,0,155309,149271.0,:149271:155309,--NCCL:ncclRecv,PP
334818340100,334818417730,77630,0,77630,NCCL:ncclReduceScatter,563290,563290,1,0,157284,149271.0,:149271:157284,--NCCL:ncclReduceScatter,DP
334820209632,334820244981,35349,0,35349,NCCL:ncclReduceScatter,563290,563290,1,0,157296,149271.0,:149271:157296,--NCCL:ncclReduceScatter,DP
334822015031,334822047814,32783,0,32783,NCCL:ncclReduceScatter,563290,563290,1,0,157306,149271.0,:149271:157306,--NCCL:ncclReduceScatter,DP
334823751757,334823783328,31571,0,31571,NCCL:ncclReduceScatter,563290,563290,1,0,157316,149271.0,:149271:157316,--NCCL:ncclReduceScatter,DP
334825514743,334825543389,28646,0,28646,NCCL:ncclReduceScatter,563290,563290,1,0,157327,149271.0,:149271:157327,--NCCL:ncclReduceScatter,DP
334827120135,334827149001,28866,0,28866,NCCL:ncclReduceScatter,563290,563290,1,0,157338,149271.0,:149271:157338,--NCCL:ncclReduceScatter,DP
334828813938,334828843735,29797,0,29797,NCCL:ncclReduceScatter,563290,563290,1,0,157348,149271.0,:149271:157348,--NCCL:ncclReduceScatter,DP
334830534533,334830564430,29897,0,29897,NCCL:ncclReduceScatter,563290,563290,1,0,157358,149271.0,:149271:157358,--NCCL:ncclReduceScatter,DP
334832220610,334832254035,33425,0,33425,NCCL:ncclReduceScatter,563290,563290,1,0,157369,149271.0,:149271:157369,--NCCL:ncclReduceScatter,DP
334833954661,334833983366,28705,0,28705,NCCL:ncclReduceScatter,563290,563290,1,0,157380,149271.0,:149271:157380,--NCCL:ncclReduceScatter,DP
334835656038,334835685866,29828,0,29828,NCCL:ncclReduceScatter,563290,563290,1,0,157390,149271.0,:149271:157390,--NCCL:ncclReduceScatter,DP
334837321587,334837352075,30488,0,30488,NCCL:ncclReduceScatter,563290,563290,1,0,157400,149271.0,:149271:157400,--NCCL:ncclReduceScatter,DP
334838971955,334839001152,29197,0,29197,NCCL:ncclReduceScatter,563290,563290,1,0,157411,149271.0,:149271:157411,--NCCL:ncclReduceScatter,DP
334840693532,334840721095,27563,0,27563,NCCL:ncclReduceScatter,563290,563290,1,0,157422,149271.0,:149271:157422,--NCCL:ncclReduceScatter,DP
334842451468,334842480665,29197,0,29197,NCCL:ncclReduceScatter,563290,563290,1,0,157432,149271.0,:149271:157432,--NCCL:ncclReduceScatter,DP
334844118028,334844148938,30910,0,30910,NCCL:ncclReduceScatter,563290,563290,1,0,157443,149271.0,:149271:157443,--NCCL:ncclReduceScatter,DP
334845829415,334845861167,31752,0,31752,NCCL:ncclReduceScatter,563290,563290,1,0,157453,149271.0,:149271:157453,--NCCL:ncclReduceScatter,DP
334846666252,334846672124,5872,0,5872,NCCL:ncclSend,563290,563290,1,0,157458,149271.0,:149271:157458,--NCCL:ncclSend,PP
341768038564,341768043824,5260,0,5260,NCCL:ncclRecv,563290,563290,1,0,157527,157515.0,:157515:157527,--NCCL:ncclRecv,PP
341768988589,341769035360,46771,0,46771,NCCL:ncclAllGather,563290,563290,1,0,157538,157515.0,:157515:157538,--NCCL:ncclAllGather,DP
341770164221,341770206934,42713,0,42713,NCCL:ncclAllGather,563290,563290,1,0,157540,157515.0,:157515:157540,--NCCL:ncclAllGather,DP
341783126166,341783158299,32133,0,32133,NCCL:ncclAllGather,563290,563290,1,0,157580,157515.0,:157515:157580,--NCCL:ncclAllGather,DP
341795126794,341795158626,31832,0,31832,NCCL:ncclAllGather,563290,563290,1,0,157620,157515.0,:157515:157620,--NCCL:ncclAllGather,DP
341807124696,341807154634,29938,0,29938,NCCL:ncclAllGather,563290,563290,1,0,157666,157515.0,:157515:157666,--NCCL:ncclAllGather,DP
341818986135,341819016825,30690,0,30690,NCCL:ncclAllGather,563290,563290,1,0,157711,157515.0,:157515:157711,--NCCL:ncclAllGather,DP
341830579055,341830606849,27794,0,27794,NCCL:ncclAllGather,563290,563290,1,0,157750,157515.0,:157515:157750,--NCCL:ncclAllGather,DP
341841852388,341841880432,28044,0,28044,NCCL:ncclAllGather,563290,563290,1,0,157795,157515.0,:157515:157795,--NCCL:ncclAllGather,DP
341853076104,341853106423,30319,0,30319,NCCL:ncclAllGather,563290,563290,1,0,157838,157515.0,:157515:157838,--NCCL:ncclAllGather,DP
341865346143,341865373024,26881,0,26881,NCCL:ncclAllGather,563290,563290,1,0,157883,157515.0,:157515:157883,--NCCL:ncclAllGather,DP
341877244513,341877272006,27493,0,27493,NCCL:ncclAllGather,563290,563290,1,0,157928,157515.0,:157515:157928,--NCCL:ncclAllGather,DP
341889315246,341889345454,30208,0,30208,NCCL:ncclAllGather,563290,563290,1,0,157970,157515.0,:157515:157970,--NCCL:ncclAllGather,DP
341901510870,341901552641,41771,0,41771,NCCL:ncclAllGather,563290,563290,1,0,158010,157515.0,:157515:158010,--NCCL:ncclAllGather,DP
341913755660,341913782973,27313,0,27313,NCCL:ncclAllGather,563290,563290,1,0,158055,157515.0,:157515:158055,--NCCL:ncclAllGather,DP
341925725228,341925752741,27513,0,27513,NCCL:ncclAllGather,563290,563290,1,0,158098,157515.0,:157515:158098,--NCCL:ncclAllGather,DP
341937680227,341937713872,33645,0,33645,NCCL:ncclAllGather,563290,563290,1,0,158143,157515.0,:157515:158143,--NCCL:ncclAllGather,DP
341949614767,341949641860,27093,0,27093,NCCL:ncclAllGather,563290,563290,1,0,158188,157515.0,:157515:158188,--NCCL:ncclAllGather,DP
345422235147,345422242361,7214,0,7214,NCCL:ncclSend,563290,563290,1,0,159565,157515.0,:157515:159565,--NCCL:ncclSend,PP
345422492485,345422493757,1272,0,1272,NCCL:ncclRecv,563290,563290,1,0,159574,157515.0,:157515:159574,--NCCL:ncclRecv,PP
347411996133,347412001002,4869,0,4869,NCCL:ncclSend,563290,563290,1,0,161557,157515.0,:157515:161557,--NCCL:ncclSend,PP
347412101456,347412102348,892,0,892,NCCL:ncclRecv,563290,563290,1,0,161568,157515.0,:157515:161568,--NCCL:ncclRecv,PP
349395272438,349395277308,4870,0,4870,NCCL:ncclSend,563290,563290,1,0,163541,157515.0,:157515:163541,--NCCL:ncclSend,PP
349395392490,349395393452,962,0,962,NCCL:ncclRecv,563290,563290,1,0,163553,157515.0,:157515:163553,--NCCL:ncclRecv,PP
351388076914,351388150636,73722,0,73722,NCCL:ncclReduceScatter,563290,563290,1,0,165532,157515.0,:157515:165532,--NCCL:ncclReduceScatter,DP
351390644665,351390689382,44717,0,44717,NCCL:ncclReduceScatter,563290,563290,1,0,165547,157515.0,:157515:165547,--NCCL:ncclReduceScatter,DP
351393297471,351393342759,45288,0,45288,NCCL:ncclReduceScatter,563290,563290,1,0,165560,157515.0,:157515:165560,--NCCL:ncclReduceScatter,DP
351395694322,351395733087,38765,0,38765,NCCL:ncclReduceScatter,563290,563290,1,0,165575,157515.0,:157515:165575,--NCCL:ncclReduceScatter,DP
351397942206,351397983836,41630,0,41630,NCCL:ncclReduceScatter,563290,563290,1,0,165589,157515.0,:157515:165589,--NCCL:ncclReduceScatter,DP
351400358605,351400401728,43123,0,43123,NCCL:ncclReduceScatter,563290,563290,1,0,165602,157515.0,:157515:165602,--NCCL:ncclReduceScatter,DP
351402593343,351402641596,48253,0,48253,NCCL:ncclReduceScatter,563290,563290,1,0,165616,157515.0,:157515:165616,--NCCL:ncclReduceScatter,DP
351404964855,351405002538,37683,0,37683,NCCL:ncclReduceScatter,563290,563290,1,0,165630,157515.0,:157515:165630,--NCCL:ncclReduceScatter,DP
351407250591,351407290138,39547,0,39547,NCCL:ncclReduceScatter,563290,563290,1,0,165644,157515.0,:157515:165644,--NCCL:ncclReduceScatter,DP
351409580814,351409617755,36941,0,36941,NCCL:ncclReduceScatter,563290,563290,1,0,165658,157515.0,:157515:165658,--NCCL:ncclReduceScatter,DP
351411901428,351411942577,41149,0,41149,NCCL:ncclReduceScatter,563290,563290,1,0,165673,157515.0,:157515:165673,--NCCL:ncclReduceScatter,DP
351414154922,351414191132,36210,0,36210,NCCL:ncclReduceScatter,563290,563290,1,0,165686,157515.0,:157515:165686,--NCCL:ncclReduceScatter,DP
351416546273,351416583054,36781,0,36781,NCCL:ncclReduceScatter,563290,563290,1,0,165699,157515.0,:157515:165699,--NCCL:ncclReduceScatter,DP
351418709953,351418748738,38785,0,38785,NCCL:ncclReduceScatter,563290,563290,1,0,165716,157515.0,:157515:165716,--NCCL:ncclReduceScatter,DP
351421131673,351421167472,35799,0,35799,NCCL:ncclReduceScatter,563290,563290,1,0,165722,157515.0,:157515:165722,--NCCL:ncclReduceScatter,DP
351423290945,351423329459,38514,0,38514,NCCL:ncclReduceScatter,563290,563290,1,0,165728,157515.0,:157515:165728,--NCCL:ncclReduceScatter,DP
351425561231,351425600928,39697,0,39697,NCCL:ncclReduceScatter,563290,563290,1,0,165733,157515.0,:157515:165733,--NCCL:ncclReduceScatter,DP
351426597925,351426605499,7574,0,7574,NCCL:ncclSend,563290,563290,1,0,165741,157515.0,:157515:165741,--NCCL:ncclSend,PP
